CustomerID,Recency,Frequency,Monetary,Cluster
12346,1,1,77183.6,0
12347,1,7,4310.0,0
12348,1,4,1797.24,0
12349,1,1,1757.55,1
12350,1,1,334.4,1
12352,1,8,2506.04,0
12353,1,1,89.0,1
12354,1,1,1079.4,1
12355,1,1,459.4,1
12356,1,3,2811.43,0
12357,1,1,6207.67,0
12358,1,2,1168.06,1
12359,1,4,6310.03,0
12360,1,3,2662.06,0
12361,1,1,189.9,1
12362,1,10,5226.23,0
12363,1,2,552.0,1
12364,1,4,1313.1,0
12365,1,2,641.38,1
12367,1,1,168.9,1
12370,1,4,3541.94,0
12371,1,2,1887.96,1
12372,1,3,1298.04,0
12373,1,1,364.6,1
12374,1,1,742.9300000000001,1
12375,1,2,457.5,1
12377,1,2,1628.12,1
12378,1,1,4008.62,1
12379,1,2,852.24,1
12380,1,4,2724.81,0
12381,1,5,1845.31,0
12383,1,5,1850.56,0
12384,1,2,585.27,1
12386,1,2,401.9,1
12388,1,6,2780.66,0
12390,1,1,549.84,1
12391,1,1,439.66,1
12393,1,4,1582.6000000000001,0
12394,1,2,1272.48,1
12395,1,12,3018.63,0
12397,1,2,2409.9,0
12398,1,1,1635.6599999999999,1
12399,1,4,1108.65,0
12401,1,1,84.3,1
12402,1,1,225.6,1
12403,1,1,427.7,1
12405,1,1,1710.39,1
12406,1,2,3415.3,0
12407,1,5,1708.1200000000001,0
12408,1,5,2888.55,0
12409,1,3,11072.67,0
12410,1,2,693.3299999999999,1
12412,1,3,1226.88,1
12413,1,3,758.1,1
12414,1,3,562.41,1
12415,1,21,124914.53,0
12417,1,9,3649.1,0
12418,1,1,668.58,1
12420,1,1,600.39,1
12421,1,4,807.04,0
12422,1,3,803.5600000000001,1
12423,1,8,1859.31,0
12424,1,2,1760.96,1
12425,1,1,777.2,1
12426,1,1,582.73,1
12427,1,3,825.8,1
12428,1,9,7956.46,0
12429,1,4,3750.4,0
12430,1,1,256.4,1
12431,1,15,6419.95,0
12432,1,5,5059.32,0
12433,1,7,13375.87,0
12434,1,2,806.14,1
12435,1,2,7829.89,0
12436,1,1,509.01,1
12437,1,18,4951.41,0
12438,1,2,2906.85,0
12441,1,1,173.55,1
12442,1,1,172.06,1
12444,1,5,5005.46,0
12445,1,1,133.4,1
12446,1,1,1002.3100000000001,1
12447,1,1,476.49,1
12448,1,1,449.45,1
12449,1,4,4067.29,0
12450,1,2,197.88,1
12451,1,5,9035.52,0
12452,1,2,430.57,1
12453,1,1,707.09,1
12454,1,1,3528.34,1
12455,1,6,2466.86,0
12456,1,3,3181.04,0
12457,1,7,2363.23,0
12458,1,2,947.4,1
12461,1,2,826.88,1
12462,1,2,1189.59,1
12463,1,4,1344.78,0
12464,1,8,1212.05,0
12465,1,2,742.1899999999999,1
12468,1,2,729.5400000000001,1
12471,1,30,19788.65,0
12472,1,7,6572.11,0
12473,1,5,3928.0499999999997,0
12474,1,18,7324.09,0
12475,1,1,723.38,1
12476,1,11,6816.42,0
12477,1,6,13219.74,0
12478,1,1,680.99,1
12479,1,1,527.2,1
12480,1,4,3281.63,0
12481,1,10,5579.82,0
12483,1,8,2484.98,0
12484,1,6,4527.32,0
12488,1,3,1298.66,0
12489,1,1,334.93,1
12490,1,10,5417.93,0
12491,1,1,460.40000000000003,1
12492,1,2,263.21000000000004,1
12493,1,2,433.74,1
12494,1,7,1246.1000000000001,0
12497,1,1,1043.1,1
12498,1,3,403.70000000000005,1
12500,1,11,4257.82,0
12501,1,1,2169.39,1
12502,1,5,3723.87,0
12504,1,2,482.04999999999995,1
12506,1,1,73.5,1
12507,1,3,1304.81,0
12508,1,2,397.88,1
12509,1,1,176.5,1
12510,1,2,982.5699999999999,1
12512,1,2,132.18,1
12513,1,1,612.29,1
12514,1,1,1017.68,1
12515,1,1,383.7,1
12516,1,2,1312.06,1
12517,1,5,2481.6,0
12518,1,5,2056.89,0
12519,1,1,330.84,1
12520,1,5,2634.26,0
12521,1,1,599.68,1
12522,1,2,192.72,1
12523,1,11,1789.77,0
12524,1,8,4485.72,0
12526,1,3,1316.66,0
12527,1,3,348.71000000000004,1
12528,1,6,1933.48,0
12530,1,4,1662.28,0
12531,1,1,125.22,1
12532,1,1,349.83000000000004,1
12534,1,1,1089.18,1
12535,1,2,716.35,1
12536,1,3,12601.830000000002,0
12538,1,1,363.95,1
12539,1,4,5568.35,0
12540,1,17,13400.24,0
12541,1,3,981.18,1
12544,1,1,372.7,1
12545,1,2,1000.39,1
12546,1,2,1161.5,1
12547,1,2,207.79999999999998,1
12548,1,1,95.19999999999999,1
12550,1,1,964.83,1
12551,1,1,168.0,1
12552,1,2,437.82,1
12553,1,10,3692.28,0
12556,1,2,599.56,1
12557,1,5,11990.960000000001,0
12558,1,1,269.96,1
12559,1,2,561.71,1
12560,1,3,2134.01,0
12561,1,1,238.85,1
12562,1,7,3781.7400000000002,0
12564,1,1,456.9,1
12565,1,1,145.92,1
12566,1,1,351.65,1
12567,1,10,9401.28,0
12569,1,32,4124.69,0
12571,1,2,519.61,1
12572,1,2,1020.42,1
12573,1,1,160.54000000000002,1
12574,1,1,218.45,1
12576,1,5,1315.83,0
12577,1,3,626.6,1
12578,1,2,2794.51,0
12579,1,1,440.42,1
12580,1,1,415.7,1
12581,1,1,197.71,1
12582,1,2,511.36,1
12583,1,15,7281.38,0
12584,1,9,2338.15,0
12585,1,2,2040.1,1
12586,1,1,196.94000000000003,1
12587,1,1,144.0,1
12588,1,1,214.89999999999998,1
12589,1,2,646.68,1
12590,1,2,9864.26,0
12591,1,1,452.84999999999997,1
12592,1,2,437.6,1
12593,1,3,418.09999999999997,1
12594,1,10,3338.2200000000003,0
12596,1,2,618.27,1
12597,1,4,3811.22,0
12598,1,8,3023.08,0
12599,1,7,1032.58,0
12600,1,10,2599.04,0
12601,1,5,577.0600000000001,0
12602,1,1,153.12,1
12603,1,1,739.1999999999999,1
12604,1,2,254.18,1
12607,1,1,1579.51,1
12609,1,3,1126.85,1
12610,1,5,2099.54,0
12611,1,1,1193.32,1
12612,1,1,704.0400000000001,1
12613,1,5,3344.38,0
12614,1,1,315.6,1
12615,1,4,2291.19,0
12616,1,2,713.3,1
12617,1,1,352.98,1
12618,1,1,177.31,1
12619,1,9,3641.24,0
12620,1,3,1339.41,0
12621,1,20,13689.67,0
12622,1,1,180.1,1
12623,1,1,305.1,1
12624,1,2,641.13,1
12625,1,2,2683.82,0
12626,1,9,6620.48,0
12627,1,7,4478.53,0
12628,1,3,786.46,1
12630,1,2,1270.88,1
12631,1,1,640.5,1
12633,1,4,2163.98,0
12635,1,2,1689.18,1
12637,1,8,6002.9,0
12638,1,1,671.69,1
12639,1,1,486.1,1
12640,1,3,1174.58,1
12641,1,1,185.9,1
12642,1,3,1013.26,1
12643,1,6,3344.64,0
12644,1,1,477.91,1
12645,1,4,1775.18,0
12646,1,2,1346.97,1
12647,1,12,3722.82,0
12648,1,1,318.05,1
12649,1,3,623.51,1
12650,1,1,314.44,1
12651,1,1,114.0,1
12652,1,1,919.98,1
12653,1,2,2209.85,0
12654,1,5,601.98,0
12656,1,5,4051.17,0
12657,1,4,1643.18,0
12658,1,1,686.05,1
12659,1,1,91.68,1
12660,1,1,245.1,1
12662,1,11,3849.78,0
12664,1,9,4881.88,0
12665,1,1,63.0,1
12667,1,1,620.13,1
12668,1,4,3807.15,0
12669,1,3,2744.0299999999997,0
12670,1,5,2996.05,0
12672,1,1,225.89999999999998,1
12673,1,2,610.52,1
12674,1,4,1970.6,0
12676,1,6,1331.39,0
12678,1,12,17628.46,0
12679,1,4,1113.02,0
12680,1,4,862.81,0
12681,1,22,13787.54,0
12682,1,31,12279.82,0
12683,1,15,8476.57,0
12684,1,7,2283.63,0
12685,1,6,2863.08,0
12686,1,1,89.14,1
12688,1,1,4873.8099999999995,0
12689,1,2,1247.61,1
12690,1,1,389.01,1
12691,1,6,1035.8,0
12693,1,4,855.91,0
12694,1,2,869.67,1
12695,1,4,582.1,1
12697,1,3,957.59,1
12700,1,4,4939.99,0
12701,1,2,797.71,1
12702,1,1,219.0,1
12703,1,1,283.55,1
12704,1,8,2340.84,0
12705,1,9,6868.29,0
12707,1,1,603.42,1
12708,1,10,2712.91,0
12709,1,15,9706.52,0
12710,1,3,1149.02,1
12712,1,13,4396.13,0
12713,1,1,848.55,1
12714,1,5,4708.86,0
12715,1,1,343.36,1
12716,1,2,1053.49,1
12717,1,2,1030.98,1
12718,1,1,238.25,1
12719,1,2,644.95,1
12720,1,25,5781.73,0
12721,1,6,2656.13,0
12722,1,4,997.63,0
12723,1,5,725.07,0
12724,1,4,1031.41,0
12725,1,1,427.8,1
12726,1,7,2609.1,0
12727,1,7,3980.7,0
12728,1,4,836.33,0
12729,1,1,453.01,1
12731,1,12,18895.91,0
12732,1,1,236.26000000000002,1
12733,1,1,383.95,1
12734,1,1,110.39999999999999,1
12735,1,2,779.5699999999999,1
12736,1,1,234.0,1
12738,1,1,155.35,1
12739,1,2,1013.04,1
12740,1,1,427.6,1
12743,1,2,540.13,1
12744,1,7,21279.29,0
12747,1,11,4196.01,0
12748,1,209,33053.19,0
12749,1,5,4090.88,0
12750,1,1,275.88,1
12752,1,1,4366.78,1
12753,1,6,21429.39,0
12754,1,3,3010.74,0
12755,1,2,3811.95,0
12756,1,1,112.07999999999998,1
12757,1,13,7834.650000000001,0
12758,1,2,2791.59,0
12759,1,3,1531.44,0
12762,1,2,1898.52,1
12763,1,2,494.08,1
12764,1,1,1693.88,1
12766,1,7,6989.63,0
12769,1,1,1143.6,1
12770,1,1,1351.45,1
12772,1,1,892.47,1
12775,1,5,1386.04,0
12778,1,6,822.23,0
12779,1,8,3981.36,0
12781,1,2,826.74,1
12782,1,5,2330.92,0
12783,1,6,2225.91,0
12784,1,2,532.8199999999999,1
12785,1,1,311.95,1
12787,1,3,463.66,1
12789,1,1,91.85,1
12790,1,1,324.92,1
12791,1,1,192.60000000000002,1
12792,1,1,400.53999999999996,1
12793,1,2,545.48,1
12794,1,2,860.41,1
12795,1,1,430.48,1
12797,1,1,254.03,1
12798,1,3,6977.04,0
12802,1,1,427.58,1
12808,1,3,483.65000000000003,1
12809,1,1,489.31,1
12811,1,3,514.85,1
12812,1,1,229.64000000000001,1
12814,1,1,125.92,1
12815,1,2,1063.46,1
12816,1,2,572.2,1
12817,1,1,166.04,1
12818,1,1,1542.08,1
12820,1,4,942.34,0
12821,1,1,92.72,1
12822,1,2,948.88,1
12823,1,5,1759.5,0
12824,1,1,397.12,1
12826,1,7,1474.72,0
12827,1,3,430.15000000000003,1
12828,1,6,1018.71,0
12829,1,2,293.0,1
12830,1,6,6814.64,0
12831,1,1,215.05,1
12832,1,2,383.03,1
12833,1,1,417.38,1
12834,1,1,312.38,1
12836,1,4,2610.36,0
12837,1,1,134.1,1
12838,1,2,671.95,1
12839,1,14,5591.42,0
12840,1,4,2726.77,0
12841,1,25,3991.58,0
12842,1,2,1118.99,1
12843,1,8,1702.26,0
12844,1,2,325.96000000000004,1
12845,1,4,354.09,1
12847,1,1,843.64,1
12849,1,2,1010.29,1
12851,1,1,131.81,1
12852,1,1,311.55,1
12853,1,6,1957.1000000000001,0
12854,1,3,1316.25,0
12855,1,1,38.1,1
12856,1,6,2170.78,0
12857,1,2,1106.4,1
12863,1,1,521.2,1
12864,1,1,147.12,1
12865,1,2,1568.23,1
12866,1,1,559.12,1
12867,1,7,4009.34,0
12868,1,6,1607.0600000000002,0
12871,1,2,380.64,1
12872,1,2,599.97,1
12873,1,1,374.0,1
12875,1,2,343.2300000000001,1
12876,1,2,2218.02,0
12877,1,12,1535.77,0
12878,1,2,854.99,1
12879,1,3,573.22,1
12881,1,1,298.0,1
12882,1,2,1463.04,1
12883,1,4,703.47,1
12884,1,1,309.05,1
12885,1,3,1175.22,1
12886,1,2,1378.4,1
12888,1,2,354.12,1
12890,1,1,376.71999999999997,1
12891,1,3,331.0,1
12893,1,1,176.55,1
12895,1,2,372.8,1
12897,1,2,216.5,1
12901,1,28,17654.54,0
12902,1,1,138.68,1
12904,1,2,496.06,1
12906,1,5,2919.81,0
12908,1,2,750.0,1
12909,1,5,2178.67,0
12910,1,8,3075.04,0
12912,1,5,1662.3,0
12913,1,5,2483.63,0
12915,1,2,363.65,1
12916,1,4,2944.95,0
12917,1,1,594.0,1
12919,1,6,1335.19,0
12920,1,1,162.78,1
12921,1,37,16587.09,0
12922,1,1,405.38,1
12923,1,1,172.82,1
12924,1,4,933.7,0
12925,1,2,694.05,1
12928,1,5,2062.7000000000003,0
12929,1,1,117.85,1
12930,1,2,415.8,1
12931,1,15,42055.96,0
12933,1,3,607.53,1
12935,1,7,2160.7,0
12936,1,4,1063.9,0
12937,1,4,1504.27,0
12938,1,1,114.14,1
12939,1,8,11581.8,0
12940,1,2,899.69,1
12942,1,3,675.6,1
12944,1,2,604.51,1
12945,1,1,462.95,1
12947,1,6,1603.99,0
12948,1,7,2064.95,0
12949,1,8,4167.22,0
12950,1,3,1843.0,0
12951,1,6,1064.07,0
12952,1,4,1387.79,0
12953,1,1,329.85,1
12955,1,11,4757.16,0
12956,1,1,108.07,1
12957,1,8,4017.54,0
12962,1,2,266.39,1
12963,1,8,1856.63,0
12965,1,1,769.8100000000001,1
12966,1,1,160.18,1
12967,1,2,1660.9,1
12968,1,1,135.95,1
12970,1,4,405.47,1
12971,1,86,11189.91,0
12974,1,1,144.8,1
12976,1,1,738.6,1
12977,1,1,39.239999999999995,1
12980,1,9,7374.900000000001,0
12981,1,2,372.21999999999997,1
12982,1,1,390.54,1
12984,1,1,97.5,1
12985,1,2,1239.38,1
12987,1,2,558.7,1
12988,1,1,505.82,1
12989,1,15,6924.110000000001,0
12990,1,3,409.5,1
12991,1,2,503.76,1
12993,1,4,414.76,1
12994,1,3,974.4200000000001,1
12995,1,1,211.32,1
12997,1,4,1226.89,0
12999,1,3,455.88,1
13000,1,3,534.85,1
13001,1,13,9785.970000000001,0
13002,1,1,120.94999999999999,1
13003,1,3,149.05,1
13004,1,18,5655.91,0
13005,1,2,513.7,1
13006,1,1,81.57,1
13008,1,1,229.46999999999997,1
13011,1,1,50.550000000000004,1
13012,1,8,1646.8400000000001,0
13013,1,13,4810.9400000000005,0
13014,1,10,3466.2799999999997,0
13015,1,5,3339.64,0
13016,1,3,789.89,1
13017,1,1,204.0,1
13018,1,28,7277.7,0
13021,1,9,2616.38,0
13023,1,2,689.9,1
13026,1,5,975.36,0
13027,1,6,6912.0,0
13028,1,2,661.3199999999999,1
13029,1,3,1247.5,0
13030,1,2,752.4399999999999,1
13032,1,2,1010.18,1
13033,1,1,190.55,1
13034,1,2,642.77,1
13035,1,2,921.88,1
13037,1,3,881.07,1
13038,1,3,908.46,1
13040,1,2,676.99,1
13043,1,1,516.42,1
13044,1,1,560.47,1
13045,1,1,305.28000000000003,1
13046,1,2,629.31,1
13047,1,10,3237.54,0
13048,1,4,1819.41,0
13049,1,2,656.6800000000001,1
13050,1,17,5836.86,0
13052,1,1,348.15000000000003,1
13055,1,3,1214.41,1
13058,1,3,271.40000000000003,1
13059,1,1,183.4,1
13060,1,1,307.53,1
13061,1,1,248.61,1
13062,1,1,346.98,1
13064,1,4,1105.59,0
13065,1,1,205.86,1
13066,1,2,470.8,1
13067,1,1,115.46000000000001,1
13068,1,2,344.0,1
13069,1,24,4431.44,0
13070,1,1,228.8,1
13072,1,1,177.15,1
13075,1,1,919.61,1
13077,1,4,728.02,1
13078,1,26,12627.94,0
13079,1,5,220.10000000000002,1
13080,1,1,58.08,1
13081,1,11,28337.38,0
13082,1,9,3613.63,0
13083,1,2,303.75,1
13085,1,2,416.08000000000004,1
13089,1,97,58762.08,0
13090,1,14,8910.82,0
13091,1,1,345.82,1
13092,1,5,477.83,1
13093,1,8,7832.47,0
13094,1,12,1927.3200000000002,0
13095,1,1,74.39999999999999,1
13097,1,10,6003.22,0
13098,1,28,28882.44,0
13099,1,1,207.35999999999999,1
13101,1,1,101.19,1
13102,1,24,6424.09,0
13103,1,1,243.94,1
13104,1,6,1098.48,0
13106,1,1,76.5,1
13107,1,4,1531.6200000000001,0
13108,1,1,350.06,1
13109,1,2,786.54,1
13110,1,7,1488.67,0
13113,1,24,12245.960000000001,0
13115,1,4,2294.78,0
13116,1,1,501.14,1
13117,1,8,984.91,0
13118,1,5,1197.81,0
13120,1,1,30.599999999999998,1
13121,1,1,283.73,1
13122,1,2,922.39,1
13124,1,3,3756.33,0
13126,1,8,2099.64,0
13127,1,1,259.17,1
13130,1,1,64.0,1
13131,1,3,1073.3,1
13132,1,1,77.3,1
13133,1,2,109.8,1
13134,1,4,1793.58,0
13135,1,1,3096.0,1
13136,1,5,2607.61,0
13137,1,8,3603.29,0
13138,1,6,962.39,0
13139,1,7,5064.94,0
13140,1,3,422.47,1
13141,1,5,2388.75,0
13142,1,1,307.09,1
13144,1,1,110.95,1
13145,1,4,618.52,1
13146,1,1,228.91,1
13147,1,4,712.8000000000001,1
13148,1,12,3683.26,0
13149,1,4,1676.06,0
13151,1,1,1257.8700000000001,1
13153,1,1,486.22,1
13155,1,4,971.76,0
13157,1,4,1741.22,0
13158,1,4,1201.06,0
13159,1,4,1429.35,0
13160,1,1,91.8,1
13161,1,1,112.75,1
13162,1,4,1688.29,0
13165,1,2,1021.48,1
13166,1,1,417.2,1
13167,1,4,791.33,1
13168,1,4,1299.59,0
13169,1,2,712.88,1
13170,1,1,108.81,1
13171,1,3,468.41,1
13173,1,2,353.65,1
13174,1,3,2742.82,0
13176,1,1,481.49,1
13177,1,1,282.45,1
13178,1,11,5725.47,0
13182,1,1,121.18,1
13183,1,9,3957.78,0
13184,1,10,1668.95,0
13185,1,1,71.4,1
13186,1,3,1575.89,0
13187,1,1,236.02,1
13188,1,1,114.60000000000001,1
13189,1,2,260.68,1
13192,1,2,911.94,1
13193,1,1,112.08,1
13194,1,1,60.7,1
13196,1,4,1797.78,0
13198,1,6,3401.2400000000002,0
13199,1,38,9817.12,0
13200,1,4,870.09,0
13203,1,4,869.46,0
13207,1,2,250.26000000000002,1
13208,1,6,1217.65,0
13209,1,8,5891.61,0
13210,1,1,353.48,1
13211,1,3,1095.42,1
13212,1,3,786.83,1
13213,1,5,1520.58,0
13216,1,1,333.74,1
13217,1,3,533.98,1
13218,1,1,62.63999999999999,1
13220,1,4,819.2900000000001,0
13221,1,2,847.41,1
13223,1,2,163.20000000000002,1
13224,1,2,2155.95,0
13225,1,7,6463.84,0
13226,1,1,108.21000000000001,1
13227,1,1,257.7,1
13228,1,1,358.0,1
13229,1,1,160.95,1
13230,1,14,2755.63,0
13232,1,7,1328.35,0
13233,1,2,605.12,1
13235,1,1,1031.07,1
13236,1,2,744.85,1
13238,1,4,700.73,1
13239,1,1,329.56,1
13240,1,4,663.65,1
13242,1,3,270.40000000000003,1
13243,1,1,585.12,1
13244,1,1,121.74000000000001,1
13245,1,1,430.5,1
13246,1,6,1961.52,0
13247,1,4,501.12,1
13248,1,2,465.68,1
13249,1,3,711.41,1
13253,1,2,1030.4,1
13255,1,2,399.51,1
13258,1,3,672.83,1
13259,1,1,283.18,1
13260,1,1,557.62,1
13261,1,2,944.1,1
13262,1,1,200.29,1
13263,1,35,7436.93,0
13265,1,5,2092.66,0
13266,1,12,3834.2599999999998,0
13267,1,19,4521.49,0
13268,1,11,3174.75,0
13269,1,15,5343.28,0
13270,1,1,590.0,1
13271,1,1,211.49,1
13272,1,2,276.56,1
13273,1,1,138.98,1
13276,1,2,590.9300000000001,1
13277,1,4,258.4,1
13278,1,1,542.73,1
13279,1,1,137.75,1
13280,1,3,798.46,1
13282,1,3,1132.14,1
13283,1,2,93.66,1
13284,1,1,201.19,1
13285,1,4,2709.12,0
13291,1,1,361.11,1
13292,1,2,578.9399999999999,1
13294,1,2,873.74,1
13295,1,1,201.20000000000002,1
13296,1,1,87.4,1
13297,1,4,2089.85,0
13298,1,1,360.0,1
13299,1,1,142.5,1
13300,1,1,371.89,1
13301,1,4,618.09,1
13302,1,1,63.75,1
13304,1,1,300.42,1
13305,1,10,2000.86,0
13307,1,1,15.0,1
13308,1,3,1385.51,0
13309,1,5,1456.79,0
13310,1,3,1132.03,1
13311,1,2,598.57,1
13313,1,5,1555.32,0
13314,1,3,775.94,1
13316,1,4,5732.93,0
13317,1,6,2273.68,0
13318,1,3,640.76,1
13319,1,26,10845.550000000001,0
13320,1,4,1532.2,0
13321,1,2,567.36,1
13322,1,1,199.48000000000002,1
13323,1,5,787.85,0
13324,1,10,7121.95,0
13325,1,1,675.3,1
13327,1,8,3627.77,0
13328,1,1,1308.48,1
13329,1,2,789.0,1
13330,1,3,1140.93,1
13332,1,1,350.9,1
13334,1,3,3502.32,0
13336,1,1,795.12,1
13338,1,1,487.02,1
13339,1,1,860.12,1
13340,1,7,10736.48,0
13341,1,1,775.85,1
13343,1,1,353.43,1
13344,1,3,2511.69,0
13345,1,1,389.5,1
13347,1,1,341.36,1
13348,1,1,233.76,1
13349,1,1,247.32,1
13350,1,2,979.12,1
13351,1,1,373.94,1
13352,1,1,397.97999999999996,1
13354,1,1,743.53,1
13355,1,1,674.7,1
13356,1,1,768.24,1
13357,1,1,609.4,1
13358,1,1,439.03,1
13359,1,1,439.56,1
13362,1,4,3090.7400000000002,0
13363,1,2,992.5,1
13364,1,1,134.95999999999998,1
13365,1,2,2225.37,0
13366,1,1,56.160000000000004,1
13368,1,2,623.4,1
13369,1,1,308.28000000000003,1
13370,1,1,754.87,1
13372,1,1,378.64,1
13373,1,3,3312.25,0
13375,1,1,778.65,1
13376,1,3,1019.76,1
13379,1,3,572.56,1
13381,1,6,3639.31,0
13382,1,1,222.99,1
13384,1,7,4151.93,0
13385,1,1,534.57,1
13388,1,2,677.1,1
13389,1,3,797.96,1
13390,1,1,544.08,1
13391,1,1,59.8,1
13394,1,8,2520.02,0
13395,1,1,307.72,1
13396,1,2,1360.99,1
13397,1,5,1544.13,0
13398,1,1,457.34,1
13402,1,2,621.23,1
13403,1,1,75.0,1
13404,1,2,252.49,1
13405,1,3,572.451,1
13408,1,62,28117.04,0
13410,1,5,1003.06,0
13411,1,1,213.55,1
13414,1,3,1390.5,0
13416,1,2,712.5,1
13417,1,2,640.83,1
13418,1,18,6127.43,0
13419,1,1,221.06,1
13420,1,2,159.85,1
13421,1,2,1833.71,1
13422,1,1,2626.3,1
13425,1,3,1624.21,0
13426,1,10,3641.32,0
13427,1,3,582.6,1
13428,1,1,201.78,1
13429,1,4,1006.8,0
13430,1,2,679.45,1
13431,1,2,1269.1,1
13434,1,2,534.24,1
13435,1,7,3809.8900000000003,0
13436,1,1,196.89,1
13437,1,7,3408.06,0
13439,1,1,283.71,1
13441,1,1,296.64,1
13447,1,3,1129.14,1
13448,1,6,3534.69,0
13449,1,1,291.88,1
13450,1,6,2043.7199999999998,0
13451,1,5,2898.2599999999998,0
13452,1,2,590.0,1
13453,1,2,356.97999999999996,1
13455,1,2,1058.34,1
13456,1,6,1766.72,0
13458,1,14,9646.57,0
13460,1,2,183.44,1
13461,1,3,1445.0,0
13462,1,1,151.5,1
13464,1,1,674.68,1
13466,1,1,307.9,1
13467,1,2,1071.91,1
13468,1,37,5704.97,0
13470,1,2,165.0,1
13471,1,4,2501.84,0
13473,1,2,422.64,1
13474,1,1,226.84,1
13475,1,4,1431.78,0
13476,1,2,1238.47,1
13477,1,6,1454.58,0
13479,1,2,300.95,1
13481,1,5,1804.56,0
13482,1,1,184.64,1
13483,1,1,140.34,1
13484,1,1,313.8,1
13485,1,1,454.24,1
13486,1,3,1122.41,1
13487,1,3,575.4,1
13488,1,13,8968.31,0
13489,1,4,449.52,1
13491,1,10,1215.82,0
13492,1,3,1269.84,0
13493,1,2,618.63,1
13494,1,1,316.26000000000005,1
13495,1,5,2044.8700000000001,0
13496,1,2,653.33,1
13497,1,2,348.05,1
13499,1,5,1159.11,0
13500,1,3,1166.77,1
13501,1,1,1340.32,1
13502,1,3,292.0,1
13503,1,1,216.85,1
13504,1,1,295.93,1
13505,1,4,4393.63,0
13506,1,2,458.52,1
13507,1,4,2479.16,0
13508,1,1,110.97,1
13509,1,7,979.72,0
13510,1,4,1791.56,0
13512,1,1,251.21,1
13513,1,1,205.1,1
13514,1,1,152.20000000000002,1
13515,1,4,891.12,0
13516,1,3,1389.41,0
13517,1,3,2128.42,0
13518,1,1,627.16,1
13519,1,1,122.75,1
13520,1,6,3624.35,0
13521,1,3,1071.73,1
13522,1,1,125.80000000000001,1
13523,1,5,3964.88,0
13524,1,5,680.1800000000001,0
13525,1,2,628.78,1
13527,1,7,2242.36,0
13529,1,2,307.76,1
13531,1,2,483.8,1
13532,1,1,210.31,1
13533,1,3,269.09,1
13534,1,25,5870.08,0
13536,1,7,3444.39,0
13538,1,7,1280.85,0
13539,1,3,631.34,1
13544,1,2,276.06,1
13546,1,3,621.09,1
13548,1,2,678.16,1
13549,1,7,918.2,0
13551,1,1,91.80000000000001,1
13552,1,12,3740.07,0
13555,1,4,4098.88,0
13557,1,2,584.06,1
13558,1,4,594.52,1
13560,1,1,171.42000000000002,1
13561,1,1,141.85999999999999,1
13562,1,3,1799.33,0
13563,1,2,777.53,1
13564,1,3,1724.67,0
13565,1,2,240.22,1
13566,1,2,856.84,1
13568,1,1,187.05,1
13569,1,2,338.62,1
13570,1,1,239.49,1
13571,1,12,2088.94,0
13572,1,1,1384.25,1
13573,1,2,290.25,1
13575,1,5,732.0699999999999,0
13576,1,18,6717.34,0
13577,1,4,1687.6000000000001,0
13579,1,2,467.04,1
13581,1,1,118.0,1
13583,1,1,781.03,1
13584,1,1,142.4,1
13587,1,1,712.4,1
13588,1,9,2478.95,0
13589,1,2,379.65,1
13590,1,6,1981.92,0
13591,1,3,1117.13,1
13592,1,4,247.95999999999998,1
13593,1,5,2011.88,0
13594,1,1,396.97,1
13596,1,2,664.11,1
13598,1,1,160.04,1
13599,1,21,5149.92,0
13600,1,1,219.52,1
13601,1,2,693.32,1
13602,1,1,428.89,1
13603,1,1,164.34,1
13606,1,3,276.75,1
13607,1,1,675.51,1
13610,1,7,1082.33,0
13611,1,3,1154.4,1
13614,1,4,1585.46,0
13615,1,1,417.69,1
13617,1,3,544.18,1
13618,1,1,177.34,1
13621,1,1,213.85,1
13623,1,5,727.74,0
13626,1,1,257.23,1
13627,1,5,1638.47,0
13629,1,11,7792.36,0
13630,1,7,2031.78,0
13631,1,11,3070.42,0
13632,1,5,2118.93,0
13634,1,5,1547.3600000000001,0
13635,1,1,1071.03,1
13636,1,5,949.12,0
13637,1,3,804.3,1
13638,1,1,122.64,1
13639,1,1,1033.34,1
13642,1,1,312.28,1
13643,1,3,519.44,1
13644,1,4,2624.26,0
13645,1,1,252.1,1
13647,1,4,1648.1200000000001,0
13649,1,2,346.6,1
13650,1,6,1836.34,0
13651,1,2,94.2,1
13652,1,3,1095.08,1
13654,1,6,2707.33,0
13655,1,2,932.97,1
13656,1,2,379.65,1
13657,1,2,382.14,1
13658,1,5,2639.17,0
13659,1,2,1563.0,1
13662,1,3,881.26,1
13663,1,1,189.47,1
13666,1,3,84.65,1
13667,1,1,299.05,1
13668,1,21,6309.83,0
13669,1,2,218.55,1
13670,1,1,349.7,1
13672,1,2,186.39000000000001,1
13673,1,2,387.44,1
13675,1,2,486.82000000000005,1
13678,1,1,232.6,1
13680,1,4,3719.12,0
13681,1,4,827.83,0
13682,1,1,59.5,1
13684,1,1,65.13,1
13685,1,7,3119.44,0
13686,1,1,72.0,1
13689,1,1,910.0,1
13690,1,1,172.25,1
13692,1,3,1488.32,0
13694,1,50,65039.62,0
13695,1,15,2504.13,0
13697,1,1,151.29999999999998,1
13699,1,1,308.58000000000004,1
13700,1,10,2248.63,0
13703,1,1,99.5,1
13704,1,9,2308.06,0
13705,1,3,711.86,1
13706,1,1,330.79,1
13707,1,2,806.41,1
13708,1,1,285.33,1
13709,1,13,6307.650000000001,0
13710,1,1,180.48,1
13711,1,2,252.06,1
13712,1,1,228.84,1
13715,1,5,1077.39,0
13716,1,1,138.28,1
13717,1,6,1445.01,0
13718,1,2,306.55,1
13719,1,5,1041.68,0
13720,1,4,799.9,0
13721,1,1,524.14,1
13722,1,3,2375.41,0
13723,1,1,199.85000000000002,1
13725,1,8,1980.56,0
13726,1,2,1079.6599999999999,1
13727,1,2,333.48,1
13728,1,6,1016.14,0
13730,1,2,752.6,1
13731,1,2,610.59,1
13732,1,1,491.86,1
13735,1,4,2883.54,0
13736,1,2,729.8,1
13737,1,1,339.59999999999997,1
13739,1,1,216.9,1
13740,1,1,350.75,1
13741,1,3,668.4300000000001,1
13742,1,12,3107.87,0
13743,1,7,1341.6,0
13744,1,2,1080.52,1
13745,1,1,300.04,1
13747,1,1,79.6,1
13748,1,5,948.25,0
13750,1,5,1647.26,0
13751,1,1,296.25,1
13752,1,6,1175.38,0
13753,1,1,741.26,1
13754,1,2,282.59999999999997,1
13755,1,9,2108.06,0
13756,1,14,5189.52,0
13758,1,7,3190.55,0
13759,1,2,659.4100000000001,1
13760,1,2,286.79,1
13761,1,2,1070.65,1
13762,1,1,306.72,1
13763,1,1,1714.96,1
13764,1,3,1519.42,0
13767,1,37,17220.36,0
13769,1,10,2796.51,0
13771,1,4,2634.45,0
13772,1,3,1122.63,1
13774,1,1,345.0,1
13777,1,33,25977.16,0
13778,1,1,178.7,1
13780,1,2,360.01,1
13781,1,1,127.84,1
13782,1,6,908.86,0
13784,1,11,2462.79,0
13786,1,1,230.39999999999998,1
13787,1,2,309.04,1
13790,1,1,348.8,1
13791,1,2,1516.0,1
13792,1,2,195.55,1
13798,1,57,37153.85,0
13799,1,2,688.86,1
13800,1,1,558.32,1
13801,1,1,324.8,1
13802,1,3,4599.42,0
13803,1,1,277.07,1
13804,1,7,2588.39,0
13805,1,2,924.6,1
13806,1,1,256.38,1
13807,1,1,112.6,1
13808,1,5,1747.66,0
13809,1,1,155.05,1
13810,1,3,1499.01,0
13811,1,3,814.5,1
13812,1,3,539.0,1
13813,1,4,1366.8600000000001,0
13814,1,2,1579.12,1
13815,1,4,4027.36,0
13816,1,2,571.6700000000001,1
13817,1,2,382.98,1
13819,1,3,1140.35,1
13821,1,2,385.64,1
13822,1,2,632.0,1
13823,1,2,957.66,1
13824,1,5,1698.94,0
13826,1,1,189.5,1
13827,1,3,409.8,1
13828,1,1,209.49,1
13831,1,6,2198.45,0
13832,1,1,52.199999999999996,1
13833,1,1,383.85,1
13835,1,4,834.57,0
13837,1,2,266.59000000000003,1
13838,1,4,674.82,1
13841,1,1,85.0,1
13842,1,9,3385.62,0
13844,1,1,361.62,1
13845,1,1,312.98,1
13846,1,3,865.0600000000001,1
13848,1,3,1255.0,0
13849,1,2,1537.95,1
13850,1,1,1595.48,1
13851,1,3,2651.46,0
13853,1,1,1090.14,1
13854,1,25,8109.5199999999995,0
13856,1,3,388.5,1
13858,1,1,216.17,1
13859,1,1,201.16,1
13860,1,5,1245.9,0
13862,1,8,2209.36,0
13863,1,1,305.78,1
13865,1,4,501.56,1
13866,1,1,145.67000000000002,1
13867,1,3,1005.09,1
13868,1,2,3192.54,0
13869,1,4,3083.65,0
13870,1,8,2770.94,0
13871,1,13,6403.25,0
13873,1,3,389.6,1
13874,1,1,540.45,1
13875,1,5,1786.79,0
13876,1,1,122.7,1
13877,1,1,117.24,1
13878,1,1,1271.57,1
13880,1,13,3219.77,0
13881,1,20,17159.52,0
13882,1,5,1191.13,0
13883,1,5,2674.48,0
13884,1,5,787.6,0
13885,1,2,506.8,1
13886,1,1,243.56,1
13887,1,1,349.55,1
13888,1,2,595.67,1
13889,1,1,416.90000000000003,1
13890,1,10,1883.8100000000002,0
13892,1,4,632.97,1
13893,1,1,821.1,1
13894,1,3,564.62,1
13895,1,4,2593.07,0
13897,1,1,311.16,1
13898,1,1,155.93,1
13899,1,2,388.52,1
13900,1,3,740.95,1
13901,1,5,2867.2,0
13904,1,2,332.64,1
13908,1,4,2369.55,0
13911,1,9,2580.91,0
13914,1,2,626.45,1
13917,1,2,272.04,1
13918,1,2,1212.8400000000001,1
13919,1,2,384.81,1
13922,1,1,172.25,1
13923,1,1,351.13,1
13924,1,6,1838.8500000000001,0
13925,1,4,678.25,1
13926,1,1,223.85000000000002,1
13927,1,1,348.99,1
13928,1,4,464.57,1
13929,1,2,842.65,1
13930,1,2,337.34,1
13931,1,2,1237.53,1
13932,1,1,307.4,1
13933,1,2,608.7900000000001,1
13934,1,1,922.1,1
13936,1,1,376.58,1
13937,1,1,158.85,1
13938,1,1,71.66,1
13939,1,3,568.55,1
13940,1,4,839.14,0
13941,1,5,5112.96,0
13946,1,3,561.5699999999999,1
13947,1,1,90.6,1
13948,1,1,102.0,1
13949,1,6,2427.32,0
13950,1,4,745.06,1
13951,1,3,674.45,1
13952,1,2,3251.071,0
13953,1,7,3515.68,0
13954,1,2,439.92,1
13955,1,2,322.96,1
13956,1,5,1019.27,0
13959,1,3,594.04,1
13960,1,2,230.22,1
13962,1,2,169.55,1
13963,1,4,664.54,1
13967,1,1,80.7,1
13969,1,18,9024.17,0
13971,1,8,2758.26,0
13972,1,2,190.25,1
13973,1,1,264.7,1
13974,1,1,413.59000000000003,1
13975,1,6,2461.2400000000002,0
13976,1,1,357.98,1
13978,1,2,196.79000000000002,1
13979,1,1,869.87,1
13980,1,1,200.14,1
13982,1,4,1871.81,0
13983,1,12,2603.43,0
13984,1,5,920.51,0
13985,1,15,7060.13,0
13986,1,1,320.46,1
13988,1,6,4147.96,0
13989,1,2,1266.08,1
13990,1,1,311.3,1
13991,1,6,852.88,0
13992,1,1,76.8,1
13993,1,9,3466.36,0
13994,1,6,2274.14,0
13995,1,5,1393.69,0
13999,1,12,3901.81,0
14000,1,1,635.66,1
14001,1,3,2043.0800000000002,0
14002,1,2,529.73,1
14004,1,7,4582.64,0
14005,1,5,2874.72,0
14006,1,3,962.19,1
14009,1,2,695.61,1
14012,1,1,328.8,1
14013,1,3,473.02,1
14014,1,1,505.18,1
14015,1,1,917.34,1
14016,1,4,4341.21,0
14019,1,3,1421.61,0
14020,1,2,642.8,1
14021,1,3,631.9,1
14022,1,1,440.0,1
14023,1,2,584.07,1
14024,1,2,327.7,1
14027,1,1,104.82,1
14029,1,2,467.66,1
14030,1,8,2358.84,0
14031,1,19,17286.86,0
14032,1,11,2975.59,0
14034,1,3,648.89,1
14035,1,5,1428.02,0
14036,1,1,626.65,1
14037,1,2,147.20000000000002,1
14038,1,3,1560.38,0
14039,1,1,152.2,1
14040,1,12,3560.32,0
14041,1,1,141.41,1
14044,1,4,646.42,1
14045,1,4,1659.75,0
14046,1,1,154.99,1
14047,1,5,1308.6100000000001,0
14048,1,1,409.93,1
14049,1,4,5578.72,0
14050,1,2,746.36,1
14051,1,23,15610.390000000001,0
14052,1,1,225.36,1
14053,1,2,260.25,1
14054,1,1,92.46,1
14055,1,1,725.6400000000001,1
14056,1,23,8152.71,0
14057,1,17,6211.66,0
14059,1,1,183.6,1
14060,1,19,6140.42,0
14062,1,12,10464.85,0
14064,1,5,1334.34,0
14066,1,1,152.55,1
14067,1,2,374.7,1
14068,1,1,265.85,1
14071,1,8,1437.57,0
14073,1,1,151.04,1
14075,1,3,942.26,1
14076,1,1,118.67,1
14077,1,5,499.41999999999996,1
14078,1,6,1049.37,0
14079,1,1,375.1,1
14080,1,1,45.599999999999994,1
14081,1,2,921.62,1
14082,1,1,182.25,1
14083,1,9,1002.9,0
14085,1,18,4421.29,0
14087,1,1,191.47,1
14088,1,13,50491.81,0
14089,1,1,158.75,1
14090,1,1,76.32000000000001,1
14092,1,14,4076.91,0
14093,1,1,433.86,1
14096,1,17,65164.79,0
14098,1,1,147.35,1
14099,1,11,3104.17,0
14100,1,1,191.95000000000002,1
14101,1,6,5976.79,0
14102,1,5,1105.8799999999999,0
14104,1,2,216.20999999999998,1
14105,1,1,1266.23,1
14107,1,7,2703.23,0
14108,1,2,597.91,1
14109,1,1,144.2,1
14110,1,12,5683.15,0
14111,1,4,692.85,1
14112,1,7,2915.15,0
14113,1,4,1840.42,0
14114,1,2,386.53,1
14116,1,5,1382.74,0
14117,1,1,90.0,1
14121,1,4,2780.15,0
14124,1,1,419.58000000000004,1
14125,1,3,2720.63,0
14126,1,3,706.1300000000001,1
14127,1,3,709.71,1
14128,1,2,637.5,1
14129,1,5,1123.8600000000001,0
14130,1,1,480.91,1
14132,1,11,3586.0299999999997,0
14133,1,3,605.64,1
14135,1,15,4690.31,0
14138,1,2,965.8800000000001,1
14139,1,1,415.82,1
14140,1,2,935.05,1
14141,1,4,915.13,0
14142,1,1,311.81,1
14143,1,1,115.8,1
14145,1,4,3742.2,0
14146,1,5,4191.0,0
14147,1,2,483.4,1
14148,1,1,157.2,1
14149,1,1,446.62,1
14150,1,2,658.64,1
14152,1,2,621.29,1
14154,1,2,1345.62,1
14155,1,1,118.75,1
14156,1,55,117210.08,0
14157,1,2,424.89000000000004,1
14158,1,1,507.66,1
14159,1,11,4630.35,0
14161,1,3,1097.6200000000001,1
14162,1,2,289.36,1
14163,1,4,2445.91,0
14164,1,2,1631.77,1
14165,1,1,120.44,1
14167,1,4,562.59,1
14171,1,1,363.79,1
14173,1,4,450.84,1
14174,1,1,134.46,1
14175,1,3,3222.3,0
14176,1,4,576.9000000000001,1
14177,1,4,549.46,1
14178,1,7,1600.26,0
14179,1,2,701.57,1
14180,1,25,4748.52,0
14184,1,1,452.89,1
14185,1,1,197.65,1
14188,1,6,2054.36,0
14189,1,15,4654.08,0
14191,1,13,4684.76,0
14193,1,2,853.39,1
14194,1,21,11349.52,0
14195,1,2,1012.0,1
14196,1,1,335.52,1
14198,1,4,701.4,1
14199,1,1,185.39999999999998,1
14201,1,7,747.44,0
14204,1,1,150.61,1
14205,1,2,466.7,1
14206,1,1,328.15999999999997,1
14208,1,1,151.74,1
14209,1,6,2073.43,0
14210,1,6,1905.8400000000001,0
14211,1,9,2241.1,0
14212,1,1,1070.48,1
14214,1,5,1004.38,0
14215,1,6,1789.72,0
14216,1,4,1839.3,0
14217,1,17,2004.98,0
14218,1,1,169.48000000000002,1
14219,1,1,89.94,1
14220,1,2,632.4,1
14221,1,9,3432.8,0
14222,1,1,683.17,1
14223,1,3,991.13,1
14224,1,4,1009.73,0
14226,1,5,2214.79,0
14227,1,10,3350.96,0
14229,1,3,1547.2,0
14231,1,3,925.71,1
14232,1,5,2048.07,0
14233,1,4,1462.72,0
14234,1,4,754.12,1
14235,1,5,3144.86,0
14236,1,2,490.86,1
14237,1,1,161.0,1
14238,1,1,146.85,1
14239,1,11,2380.85,0
14240,1,2,890.34,1
14241,1,1,213.70000000000002,1
14242,1,2,280.55,1
14243,1,10,2588.77,0
14245,1,2,1693.45,1
14246,1,3,1474.06,0
14247,1,1,136.76999999999998,1
14248,1,1,302.58,1
14250,1,3,1904.05,0
14251,1,5,2879.7000000000003,0
14256,1,2,969.0600000000001,1
14257,1,5,3099.7200000000003,0
14258,1,9,12669.98,0
14259,1,1,120.0,1
14261,1,2,1163.45,1
14262,1,8,2618.23,0
14264,1,2,333.97,1
14265,1,2,530.18,1
14267,1,3,1516.24,0
14270,1,1,492.65000000000003,1
14271,1,1,112.32,1
14272,1,2,437.96,1
14273,1,4,559.97,1
14276,1,3,1119.74,1
14277,1,3,4188.0,0
14280,1,1,134.04,1
14282,1,15,3701.44,0
14284,1,2,595.25,1
14285,1,4,1910.01,0
14286,1,3,4628.75,0
14287,1,3,176.63,1
14288,1,1,426.6,1
14289,1,6,911.26,0
14290,1,5,2314.65,0
14291,1,11,3883.25,0
14292,1,9,4871.93,0
14293,1,4,1046.56,0
14295,1,1,166.20000000000002,1
14297,1,4,1305.33,0
14298,1,44,51527.3,0
14299,1,9,3965.62,0
14300,1,1,43.2,1
14301,1,1,640.14,1
14304,1,1,383.45,1
14305,1,3,1858.96,0
14306,1,2,2093.32,1
14307,1,6,2995.72,0
14309,1,9,2352.53,0
14311,1,1,310.26,1
14312,1,6,1611.59,0
14314,1,1,120.0,1
14315,1,6,2481.13,0
14317,1,1,508.58000000000004,1
14320,1,2,477.79,1
14321,1,5,1530.75,0
14323,1,2,605.0600000000001,1
14326,1,1,183.85,1
14327,1,1,311.65,1
14329,1,7,4975.24,0
14331,1,2,462.65999999999997,1
14332,1,3,840.21,1
14333,1,1,415.2,1
14334,1,8,2552.21,0
14335,1,2,454.86,1
14336,1,4,1614.91,0
14338,1,2,588.22,1
14339,1,1,309.52,1
14340,1,1,134.7,1
14341,1,8,2166.98,0
14342,1,4,668.5600000000001,1
14344,1,8,889.9300000000001,0
14345,1,1,108.97999999999999,1
14346,1,2,1021.58,1
14348,1,1,409.57,1
14349,1,1,133.5,1
14350,1,1,282.93,1
14351,1,1,51.0,1
14352,1,4,1078.96,0
14353,1,1,90.6,1
14354,1,2,163.62,1
14355,1,1,174.4,1
14356,1,2,701.23,1
14357,1,1,225.12,1
14359,1,3,912.18,1
14360,1,4,2118.03,0
14362,1,1,151.5,1
14364,1,8,3717.35,0
14367,1,16,9227.82,0
14368,1,1,155.0,1
14371,1,1,100.5,1
14373,1,1,76.55,1
14375,1,1,235.56,1
14377,1,2,617.05,1
14379,1,2,348.1,1
14381,1,1,202.68,1
14382,1,1,615.49,1
14383,1,3,1247.69,0
14385,1,3,202.11,1
14386,1,1,142.4,1
14387,1,3,1727.6,0
14388,1,8,3212.84,0
14389,1,2,1043.46,1
14390,1,9,4642.57,0
14393,1,1,67.95,1
14395,1,9,3479.91,0
14396,1,2,487.99,1
14397,1,19,2612.96,0
14400,1,1,574.7,1
14401,1,13,4051.48,0
14403,1,4,1475.81,0
14404,1,6,1449.32,0
14406,1,1,156.75,1
14407,1,6,2157.73,0
14408,1,7,2599.03,0
14409,1,6,2059.4500000000003,0
14410,1,9,1100.27,0
14411,1,1,1063.0,1
14412,1,2,770.03,1
14413,1,1,121.05,1
14414,1,7,1496.98,0
14415,1,13,5855.57,0
14416,1,2,490.22,1
14418,1,3,1937.25,0
14419,1,6,1051.79,0
14420,1,1,387.52,1
14421,1,2,813.11,1
14422,1,6,4263.64,0
14423,1,1,265.2,1
14424,1,1,322.08,1
14426,1,10,4481.67,0
14427,1,2,363.34000000000003,1
14428,1,5,1224.06,0
14431,1,1,470.36,1
14432,1,6,2248.5,0
14434,1,6,1372.8,0
14436,1,1,89.06,1
14437,1,1,63.0,1
14438,1,1,131.9,1
14439,1,1,2661.24,1
14440,1,5,2357.6800000000003,0
14441,1,4,1712.89,0
14442,1,2,1589.82,1
14443,1,4,1420.2,0
14446,1,4,1010.35,0
14447,1,5,1163.23,0
14448,1,2,375.35,1
14449,1,4,885.8,0
14450,1,3,483.25,1
14451,1,2,643.9,1
14452,1,2,259.05,1
14453,1,1,119.93,1
14456,1,9,3017.28,0
14457,1,1,113.64,1
14459,1,1,1837.92,1
14460,1,3,434.34,1
14461,1,3,2103.06,0
14462,1,11,1980.57,0
14463,1,3,529.62,1
14465,1,3,1038.44,1
14466,1,7,2272.4,0
14467,1,4,596.26,1
14470,1,2,461.19,1
14472,1,8,1852.67,0
14473,1,2,234.34000000000003,1
14474,1,1,547.66,1
14475,1,3,925.85,1
14476,1,1,193.0,1
14477,1,4,1309.6,0
14479,1,2,316.25,1
14480,1,1,279.05,1
14481,1,2,636.51,1
14482,1,6,2022.81,0
14483,1,1,137.1,1
14484,1,1,321.92,1
14485,1,1,162.8,1
14487,1,6,1165.48,0
14488,1,1,1064.28,1
14489,1,1,463.38,1
14491,1,2,340.93,1
14493,1,5,2383.2400000000002,0
14494,1,1,139.56,1
14495,1,2,123.8,1
14496,1,2,538.8100000000001,1
14497,1,1,475.37,1
14498,1,5,1957.32,0
14499,1,3,808.44,1
14500,1,3,356.85,1
14501,1,2,251.21,1
14502,1,11,2429.83,0
14503,1,6,3543.26,0
14504,1,4,673.26,1
14505,1,8,5859.43,0
14506,1,5,1960.65,0
14507,1,6,1367.88,0
14508,1,2,268.05,1
14511,1,5,1314.81,0
14512,1,2,275.28,1
14513,1,3,455.59000000000003,1
14514,1,3,990.2,1
14515,1,6,2076.89,0
14517,1,2,330.45,1
14518,1,1,174.37,1
14520,1,2,270.6,1
14522,1,4,974.54,0
14523,1,1,241.09,1
14524,1,9,1843.83,0
14525,1,9,4215.9,0
14527,1,55,8507.13,0
14528,1,1,364.21999999999997,1
14529,1,3,578.61,1
14530,1,6,2862.11,0
14532,1,4,932.85,0
14533,1,7,1949.72,0
14534,1,18,4397.3,0
14535,1,3,2854.84,0
14536,1,1,170.95,1
14537,1,1,355.56,1
14538,1,2,388.25,1
14539,1,2,537.48,1
14540,1,3,952.66,1
14541,1,8,1453.35,0
14542,1,1,103.25,1
14543,1,16,3599.73,0
14544,1,2,2004.3,1
14546,1,5,2573.93,0
14547,1,8,3974.75,0
14548,1,2,652.8,1
14549,1,1,289.24,1
14550,1,2,757.37,1
14551,1,2,186.23,1
14552,1,1,164.22,1
14553,1,5,859.27,0
14554,1,4,2279.4900000000002,0
14555,1,2,312.54,1
14557,1,1,788.38,1
14560,1,22,2237.77,0
14561,1,3,1080.76,1
14562,1,18,5006.77,0
14565,1,4,3099.12,0
14566,1,1,1432.0,1
14567,1,2,1530.3600000000001,1
14569,1,1,227.39,1
14570,1,2,218.06,1
14572,1,7,2804.54,0
14573,1,9,1639.82,0
14576,1,1,35.400000000000006,1
14577,1,4,859.71,0
14578,1,1,168.63,1
14581,1,1,138.6,1
14582,1,1,114.11,1
14583,1,5,986.96,0
14584,1,4,1033.06,0
14585,1,1,157.05,1
14586,1,1,237.36,1
14587,1,9,1580.29,0
14589,1,1,39.75,1
14591,1,4,1320.21,0
14592,1,3,557.94,1
14593,1,3,617.15,1
14594,1,2,363.33,1
14595,1,6,1740.6,0
14597,1,2,866.24,1
14598,1,1,221.97,1
14600,1,1,393.33000000000004,1
14601,1,1,213.96,1
14603,1,1,660.0,1
14606,1,93,12076.15,0
14607,1,14,16209.5,0
14608,1,4,1785.15,0
14609,1,4,601.56,1
14616,1,3,406.08000000000004,1
14618,1,3,553.44,1
14619,1,1,394.44,1
14620,1,2,412.78000000000003,1
14621,1,5,1788.3600000000001,0
14622,1,1,320.58000000000004,1
14623,1,5,886.7,0
14624,1,2,225.85,1
14625,1,2,899.63,1
14626,1,4,2791.27,0
14628,1,2,671.96,1
14629,1,2,955.26,1
14631,1,3,1006.98,1
14632,1,1,114.56,1
14633,1,1,344.90000000000003,1
14636,1,2,609.85,1
14638,1,1,443.6,1
14639,1,6,2984.49,0
14640,1,6,2107.38,0
14641,1,1,110.46,1
14642,1,1,96.12,1
14643,1,2,693.8100000000001,1
14644,1,2,830.76,1
14645,1,2,597.09,1
14646,1,73,280206.02,0
14647,1,1,236.04000000000002,1
14649,1,4,1402.59,0
14651,1,2,653.75,1
14652,1,1,114.18,1
14653,1,7,1926.65,0
14655,1,4,1932.23,0
14656,1,2,291.05,1
14657,1,4,848.22,0
14658,1,2,247.15,1
14659,1,9,2529.93,0
14660,1,2,285.74,1
14661,1,1,107.95,1
14662,1,4,741.37,1
14664,1,2,636.24,1
14665,1,5,1835.7,0
14666,1,1,195.25,1
14667,1,25,9175.04,0
14669,1,3,1259.24,0
14670,1,2,392.86,1
14672,1,2,765.55,1
14673,1,5,1736.4,0
14675,1,1,596.36,1
14676,1,6,2548.2400000000002,0
14680,1,16,28754.11,0
14681,1,3,498.95,1
14682,1,2,52.0,1
14684,1,5,1201.51,0
14687,1,1,628.38,1
14688,1,21,5579.1,0
14689,1,1,112.8,1
14690,1,2,355.05,1
14691,1,5,2114.33,0
14692,1,4,591.55,1
14693,1,1,172.9,1
14696,1,7,2078.95,0
14697,1,2,188.60999999999999,1
14698,1,5,1217.27,0
14699,1,1,109.13000000000001,1
14700,1,3,2195.1,0
14701,1,9,2526.09,0
14702,1,17,3251.79,0
14703,1,1,318.17,1
14704,1,9,1493.96,0
14705,1,1,179.0,1
14708,1,3,1126.37,1
14709,1,13,4921.04,0
14710,1,4,599.48,1
14711,1,11,2839.62,0
14712,1,3,917.07,1
14713,1,11,2662.2,0
14714,1,1,160.19,1
14715,1,4,867.38,0
14716,1,2,307.51,1
14719,1,5,1581.84,0
14720,1,3,663.81,1
14722,1,1,180.42000000000002,1
14723,1,6,1122.3600000000001,0
14725,1,1,655.58,1
14727,1,1,268.58,1
14729,1,1,313.49,1
14730,1,8,1897.57,0
14731,1,3,380.02,1
14732,1,8,2702.4900000000002,0
14733,1,12,9585.91,0
14735,1,32,6065.69,0
14737,1,3,1164.55,1
14738,1,7,1314.45,0
14739,1,7,3902.28,0
14740,1,3,1448.21,0
14741,1,6,1400.34,0
14744,1,7,1099.98,0
14745,1,5,1220.26,0
14747,1,1,328.2,1
14748,1,5,1415.75,0
14752,1,1,389.64,1
14753,1,1,563.15,1
14754,1,2,638.05,1
14755,1,11,5010.28,0
14756,1,1,738.96,1
14757,1,1,420.5,1
14758,1,4,1484.06,0
14759,1,3,1625.97,0
14760,1,1,89.2,1
14761,1,2,255.9,1
14762,1,1,300.52,1
14764,1,1,278.3,1
14765,1,3,254.11,1
14766,1,6,2473.37,0
14768,1,2,192.60000000000002,1
14769,1,8,10416.98,0
14770,1,2,876.42,1
14772,1,1,139.26,1
14775,1,3,1011.9,1
14776,1,11,2538.3,0
14778,1,2,730.86,1
14779,1,3,386.15,1
14780,1,2,447.68,1
14782,1,1,200.10000000000002,1
14784,1,2,289.99,1
14785,1,2,77.4,1
14788,1,2,679.4399999999999,1
14789,1,1,197.64,1
14790,1,4,745.06,1
14792,1,1,6.2,1
14793,1,1,228.99,1
14794,1,7,1319.91,0
14795,1,1,131.45000000000002,1
14796,1,17,7975.49,0
14798,1,3,173.74,1
14799,1,1,157.7,1
14800,1,12,4331.79,0
14801,1,1,189.34,1
14803,1,3,845.55,1
14804,1,1,353.27,1
14805,1,4,546.4,1
14806,1,1,193.39000000000001,1
14808,1,8,2718.6,0
14810,1,11,2085.33,0
14813,1,2,152.88,1
14815,1,2,778.5,1
14816,1,1,271.85,1
14817,1,2,1110.34,1
14818,1,3,657.8,1
14819,1,2,272.07,1
14820,1,4,507.29,1
14821,1,1,48.800000000000004,1
14823,1,3,321.43,1
14824,1,4,1127.71,0
14825,1,12,2221.01,0
14828,1,3,2139.76,0
14829,1,4,697.55,1
14830,1,1,188.88,1
14834,1,6,1720.3,0
14836,1,3,102.44999999999999,1
14837,1,4,1649.5,0
14840,1,1,62.85,1
14841,1,6,3295.76,0
14842,1,4,2824.69,0
14844,1,4,3189.81,0
14847,1,1,309.4,1
14849,1,25,7930.54,0
14850,1,1,325.75,1
14851,1,2,511.35,1
14852,1,6,2836.69,0
14853,1,2,475.8,1
14854,1,7,2740.03,0
14855,1,2,645.65,1
14856,1,3,1290.53,0
14857,1,2,1173.12,1
14859,1,4,1353.74,0
14860,1,1,170.32,1
14861,1,1,125.79,1
14862,1,2,841.1999999999999,1
14863,1,1,266.76,1
14865,1,2,52.2,1
14866,1,12,14389.9,0
14867,1,3,710.28,1
14868,1,8,2953.59,0
14869,1,2,721.45,1
14870,1,1,327.25,1
14871,1,4,501.28000000000003,1
14873,1,1,519.68,1
14875,1,2,1465.3200000000002,1
14878,1,9,1476.09,0
14880,1,3,690.59,1
14881,1,1,255.4,1
14882,1,2,589.7,1
14883,1,6,761.59,0
14885,1,1,765.3199999999999,1
14886,1,1,364.8,1
14887,1,1,1862.0,1
14888,1,1,369.2,1
14889,1,1,135.9,1
14890,1,1,125.65,1
14891,1,2,554.38,1
14893,1,2,1237.8500000000001,1
14894,1,1,655.75,1
14895,1,20,11138.710000000001,0
14896,1,2,468.77000000000004,1
14897,1,4,1366.38,0
14898,1,6,1269.31,0
14901,1,9,1421.29,0
14902,1,1,332.66,1
14903,1,5,2795.33,0
14904,1,2,1025.44,1
14905,1,2,616.15,1
14907,1,7,3501.1,0
14908,1,1,277.8,1
14910,1,4,434.35,1
14911,1,201,143711.17,0
14912,1,2,867.85,1
14913,1,4,1227.43,0
14915,1,2,307.48,1
14916,1,4,1268.98,0
14918,1,2,1610.15,1
14920,1,2,977.77,1
14921,1,2,1316.07,1
14923,1,1,749.1,1
14924,1,1,310.05,1
14929,1,1,223.88,1
14930,1,3,2362.96,0
14931,1,5,1257.68,0
14932,1,1,363.53,1
14934,1,2,1890.94,1
14935,1,1,1784.71,1
14936,1,8,8137.02,0
14937,1,3,1621.88,0
14944,1,12,5900.25,0
14946,1,1,100.9,1
14947,1,2,290.82,1
14948,1,6,1101.97,0
14950,1,1,371.2,1
14951,1,1,311.69,1
14952,1,11,8099.49,0
14953,1,1,285.67,1
14954,1,1,294.85,1
14957,1,1,58.49,1
14958,1,3,483.72999999999996,1
14959,1,4,695.42,1
14960,1,2,221.27,1
14961,1,9,7044.68,0
14962,1,1,126.7,1
14963,1,5,1472.34,0
14964,1,1,206.21,1
14965,1,2,596.09,1
14966,1,1,183.02,1
14967,1,1,463.8,1
14968,1,1,147.59,1
14970,1,4,1592.06,0
14971,1,3,1097.98,1
14972,1,1,114.77,1
14973,1,3,1314.45,0
14974,1,1,89.94,1
14975,1,1,279.94,1
14976,1,7,790.86,0
14978,1,5,1921.3700000000001,0
14981,1,1,102.12,1
14984,1,2,202.37,1
14985,1,2,292.01,1
14987,1,2,326.4,1
14988,1,1,334.54,1
14995,1,2,231.98000000000002,1
14997,1,3,546.1999999999999,1
14998,1,2,414.87,1
15000,1,1,490.52,1
15002,1,4,1641.76,0
15004,1,1,1220.77,1
15005,1,28,6295.37,0
15006,1,1,480.38,1
15007,1,1,156.91,1
15009,1,3,1259.43,0
15010,1,1,308.94,1
15012,1,2,405.04,1
15014,1,2,257.67,1
15016,1,1,170.04,1
15017,1,1,125.58,1
15018,1,3,496.21000000000004,1
15019,1,1,252.81,1
15021,1,9,1871.77,0
15022,1,4,852.39,0
15023,1,11,6720.41,0
15024,1,10,1636.43,0
15025,1,1,361.96,1
15026,1,3,469.0,1
15027,1,4,1066.1499999999999,0
15028,1,4,627.13,1
15030,1,2,518.28,1
15031,1,4,653.19,1
15032,1,3,4959.1,0
15033,1,10,2557.18,0
15034,1,8,4274.16,0
15035,1,1,252.73000000000002,1
15036,1,3,429.56,1
15038,1,6,685.74,0
15039,1,47,19766.59,0
15041,1,1,179.93,1
15042,1,1,135.93,1
15043,1,1,537.0,1
15044,1,17,7634.7300000000005,0
15045,1,2,735.66,1
15046,1,15,5090.42,0
15047,1,1,343.62,1
15048,1,4,381.0,1
15049,1,1,121.17000000000002,1
15050,1,3,1737.69,0
15051,1,3,1383.3600000000001,0
15052,1,1,207.73000000000002,1
15053,1,3,693.95,1
15054,1,2,302.1,1
15057,1,2,1489.5,1
15058,1,11,2102.54,0
15059,1,9,1337.72,0
15060,1,4,294.25,1
15061,1,48,54534.14,0
15062,1,4,987.86,0
15063,1,1,370.79999999999995,1
15065,1,4,3158.13,0
15066,1,1,893.59,1
15067,1,3,1744.76,0
15068,1,2,553.36,1
15069,1,1,1109.53,1
15070,1,1,106.2,1
15071,1,2,982.07,1
15073,1,3,1043.41,1
15074,1,1,735.67,1
15075,1,1,773.03,1
15076,1,1,880.85,1
15078,1,32,9743.11,0
15079,1,4,895.61,0
15081,1,5,504.8,1
15083,1,1,88.2,1
15087,1,1,306.94,1
15088,1,2,1160.07,1
15089,1,6,2420.84,0
15090,1,1,381.32,1
15091,1,1,480.71,1
15092,1,2,457.81,1
15093,1,6,4597.02,0
15095,1,4,1370.6,0
15096,1,1,219.39000000000001,1
15097,1,1,248.08,1
15098,1,3,39916.5,0
15099,1,1,410.48,1
15100,1,3,876.0,1
15101,1,2,317.53,1
15103,1,2,703.36,1
15104,1,2,993.54,1
15105,1,7,2298.93,0
15106,1,5,1422.52,0
15107,1,6,319.5,1
15108,1,4,1300.25,0
15109,1,1,484.95,1
15110,1,4,996.1,0
15111,1,3,1567.48,0
15113,1,3,3509.43,0
15114,1,10,2760.56,0
15115,1,1,340.11,1
15116,1,4,1352.75,0
15117,1,5,1551.78,0
15118,1,1,244.8,1
15119,1,1,266.4,1
15120,1,1,358.82,1
15121,1,2,457.72,1
15122,1,3,1633.78,0
15123,1,2,2199.31,0
15124,1,2,184.19,1
15125,1,15,11528.48,0
15127,1,1,406.53,1
15128,1,4,1471.0,0
15129,1,11,3447.4,0
15130,1,1,330.11,1
15132,1,5,977.9300000000001,0
15133,1,3,982.42,1
15134,1,8,1387.99,0
15135,1,1,139.05,1
15136,1,4,1286.7,0
15139,1,2,178.96,1
15140,1,7,2354.25,0
15142,1,1,498.74,1
15143,1,1,259.45,1
15144,1,17,6580.44,0
15145,1,4,1194.73,0
15146,1,2,1327.16,1
15147,1,1,623.5,1
15148,1,1,301.29,1
15149,1,1,520.8000000000001,1
15150,1,10,5291.33,0
15152,1,13,4745.69,0
15153,1,1,329.25,1
15154,1,1,254.28,1
15156,1,3,961.49,1
15157,1,3,1936.07,0
15158,1,1,401.40000000000003,1
15159,1,30,18641.010000000002,0
15160,1,1,158.16,1
15163,1,2,304.47,1
15164,1,3,824.58,1
15165,1,1,487.75,1
15167,1,1,158.8,1
15168,1,1,106.56,1
15171,1,1,1289.5,1
15172,1,5,1624.05,0
15174,1,1,135.75,1
15175,1,1,224.14,1
15178,1,1,40.5,1
15179,1,5,2206.95,0
15180,1,1,87.5,1
15181,1,3,689.4799999999999,1
15182,1,2,622.85,1
15184,1,2,402.2,1
15185,1,1,310.62,1
15186,1,2,411.41,1
15187,1,16,4777.18,0
15189,1,41,16225.39,0
15192,1,3,1044.32,1
15193,1,1,499.32,1
15194,1,15,7616.53,0
15195,1,1,3861.0,1
15197,1,3,1079.6100000000001,1
15198,1,2,193.64,1
15199,1,4,1268.7,0
15201,1,5,1236.54,0
15203,1,6,1827.8,0
15204,1,1,316.58,1
15205,1,2,653.24,1
15206,1,4,420.29999999999995,1
15208,1,5,870.12,0
15210,1,1,331.18,1
15211,1,2,894.4100000000001,1
15212,1,1,101.8,1
15213,1,2,328.35,1
15214,1,8,1661.44,0
15215,1,3,734.94,1
15216,1,1,96.6,1
15218,1,11,5756.89,0
15219,1,1,305.75,1
15220,1,6,1778.96,0
15221,1,1,403.25,1
15222,1,1,585.0,1
15223,1,2,755.75,1
15224,1,2,322.08,1
15225,1,1,409.40000000000003,1
15226,1,1,154.41,1
15227,1,5,1219.4,0
15228,1,4,3386.71,0
15230,1,2,429.6,1
15232,1,2,612.06,1
15234,1,1,197.0,1
15235,1,12,2247.51,0
15236,1,1,321.05,1
15237,1,4,1412.32,0
15238,1,3,1071.99,1
15239,1,2,780.59,1
15240,1,5,1706.57,0
15241,1,8,1756.44,0
15243,1,1,316.68,1
15244,1,2,631.57,1
15245,1,3,2515.84,0
15246,1,2,514.15,1
15247,1,1,356.0,1
15249,1,13,6688.46,0
15251,1,11,10484.99,0
15252,1,2,740.78,1
15253,1,5,918.1999999999999,0
15254,1,1,300.36,1
15255,1,1,890.85,1
15256,1,1,98.45,1
15257,1,1,317.15,1
15258,1,2,623.16,1
15260,1,7,1810.77,0
15261,1,1,254.82,1
15262,1,1,178.95000000000002,1
15263,1,1,156.51,1
15264,1,1,393.74,1
15265,1,2,1506.1200000000001,1
15266,1,1,119.3,1
15267,1,5,1717.36,0
15269,1,1,408.8,1
15270,1,7,2379.49,0
15271,1,15,2493.34,0
15272,1,2,721.94,1
15274,1,2,716.57,1
15275,1,1,615.14,1
15276,1,1,128.63,1
15277,1,1,255.89999999999998,1
15279,1,1,290.51,1
15280,1,1,113.12,1
15281,1,9,2332.15,0
15286,1,1,240.55,1
15287,1,2,486.69,1
15288,1,5,2306.52,0
15289,1,3,939.78,1
15290,1,18,7943.22,0
15291,1,15,4668.3,0
15292,1,1,178.39,1
15296,1,6,3672.86,0
15297,1,3,641.94,1
15298,1,12,4799.9,0
15299,1,7,4507.01,0
15300,1,1,496.44,1
15301,1,12,5049.95,0
15303,1,1,574.02,1
15304,1,8,694.4000000000001,0
15306,1,3,1174.35,1
15307,1,1,205.3,1
15308,1,1,310.47,1
15311,1,91,60632.75,0
15312,1,4,924.85,0
15313,1,1,52.0,1
15314,1,1,327.97,1
15315,1,2,570.5,1
15316,1,1,165.0,1
15318,1,1,312.62,1
15319,1,1,204.5,1
15320,1,1,267.13,1
15321,1,3,2748.31,0
15322,1,1,679.68,1
15325,1,1,161.74,1
15326,1,1,311.71,1
15327,1,1,208.75,1
15329,1,3,1049.7,1
15330,1,2,714.96,1
15332,1,4,1661.06,0
15333,1,1,1028.56,1
15334,1,3,350.82,1
15335,1,1,170.22,1
15339,1,2,574.07,1
15341,1,1,2020.52,1
15342,1,1,406.09,1
15343,1,1,364.5,1
15344,1,3,563.94,1
15345,1,1,393.54,1
15346,1,1,252.42000000000002,1
15347,1,1,201.60000000000002,1
15348,1,1,158.04,1
15349,1,2,463.90999999999997,1
15350,1,1,115.65,1
15351,1,7,1934.66,0
15353,1,2,770.12,1
15355,1,2,277.05,1
15356,1,10,2718.03,0
15358,1,22,8347.2,0
15360,1,1,427.93,1
15361,1,1,418.92,1
15363,1,1,326.0,1
15364,1,2,913.19,1
15365,1,7,2314.32,0
15366,1,2,602.51,1
15367,1,4,1877.59,0
15368,1,1,446.94000000000005,1
15370,1,7,2386.05,0
15372,1,1,2007.3999999999999,1
15373,1,12,2415.91,0
15374,1,1,168.0,1
15376,1,3,1221.56,1
15379,1,7,3703.29,0
15380,1,5,1690.2600000000002,0
15381,1,2,596.85,1
15382,1,6,5955.71,0
15384,1,2,642.41,1
15385,1,1,316.88,1
15386,1,1,394.14,1
15388,1,1,140.54,1
15389,1,1,500.0,1
15392,1,4,1535.53,0
15393,1,2,231.86,1
15394,1,4,2183.54,0
15395,1,1,107.45,1
15396,1,1,288.18,1
15397,1,1,94.0,1
15398,1,2,1345.53,1
15399,1,3,815.77,1
15400,1,5,716.2,0
15402,1,2,626.77,1
15405,1,1,349.1,1
15406,1,2,510.71000000000004,1
15407,1,4,1046.74,0
15408,1,1,267.18,1
15410,1,8,3450.84,0
15411,1,4,1348.93,0
15412,1,1,190.53,1
15414,1,3,774.9000000000001,1
15415,1,1,559.61,1
15416,1,4,3984.32,0
15417,1,1,508.8,1
15419,1,1,135.86,1
15421,1,4,950.36,0
15422,1,2,97.7,1
15423,1,1,43.5,1
15424,1,2,383.34,1
15426,1,5,1404.07,0
15427,1,3,1430.54,0
15428,1,1,93.78,1
15429,1,2,397.35,1
15432,1,1,171.19,1
15433,1,2,533.3,1
15434,1,5,1041.48,0
15435,1,1,149.29,1
15436,1,3,1067.75,1
15437,1,1,200.16,1
15438,1,1,156.57999999999998,1
15440,1,3,383.68,1
15442,1,1,594.0,1
15443,1,7,3213.59,0
15444,1,2,1411.21,1
15445,1,1,113.5,1
15447,1,1,155.17,1
15448,1,1,494.64,1
15449,1,3,974.52,1
15450,1,1,429.84,1
15452,1,3,528.48,1
15453,1,7,1371.77,0
15454,1,1,179.1,1
15456,1,3,434.59000000000003,1
15457,1,1,237.07,1
15458,1,1,161.64,1
15460,1,1,214.26,1
15462,1,3,234.6,1
15463,1,1,126.14,1
15464,1,1,1044.65,1
15465,1,18,7354.62,0
15466,1,1,334.53,1
15467,1,3,524.88,1
15468,1,2,467.51,1
15469,1,2,538.55,1
15471,1,1,454.48,1
15472,1,1,371.56,1
15473,1,7,1771.2,0
15475,1,1,454.10999999999996,1
15478,1,2,1399.92,1
15480,1,1,905.5,1
15482,1,12,10879.76,0
15483,1,4,225.26,1
15484,1,4,3590.41,0
15485,1,3,2564.5,0
15488,1,1,91.32000000000001,1
15489,1,3,1134.28,1
15491,1,6,3100.09,0
15492,1,2,659.4599999999999,1
15493,1,5,1953.41,0
15494,1,2,1280.58,1
15497,1,2,1262.2,1
15498,1,27,13316.4,0
15500,1,4,1131.56,0
15502,1,12,10384.93,0
15503,1,1,141.04,1
15504,1,1,52.83,1
15505,1,5,3610.96,0
15506,1,3,972.08,1
15507,1,1,475.86,1
15508,1,6,1000.27,0
15510,1,1,250.0,1
15511,1,5,900.53,0
15512,1,2,121.0,1
15513,1,19,14758.220000000001,0
15514,1,11,4023.7200000000003,0
15516,1,3,62.43,1
15517,1,1,267.03,1
15518,1,8,1921.55,0
15520,1,1,343.5,1
15521,1,8,3000.2,0
15522,1,2,397.99,1
15523,1,1,412.01000000000005,1
15524,1,1,440.0,1
15525,1,3,734.37,1
15526,1,2,148.44,1
15527,1,8,2428.53,0
15528,1,1,229.33,1
15529,1,11,3962.6,0
15530,1,4,1497.31,0
15531,1,2,1972.39,1
15532,1,4,1564.73,0
15533,1,3,807.57,1
15535,1,4,502.9,1
15537,1,1,110.92,1
15539,1,1,538.46,1
15540,1,1,213.3,1
15541,1,1,85.13000000000001,1
15543,1,1,127.86,1
15544,1,9,3546.71,0
15545,1,2,288.96999999999997,1
15547,1,14,4910.6,0
15549,1,3,1681.46,0
15550,1,4,575.63,1
15551,1,1,436.06,1
15552,1,1,90.12,1
15553,1,1,428.93,1
15554,1,1,217.2,1
15555,1,16,4794.86,0
15556,1,1,279.77,1
15557,1,1,468.91,1
15561,1,4,800.59,0
15562,1,1,134.55,1
15563,1,4,1400.44,0
15565,1,2,173.16,1
15567,1,1,186.01,1
15568,1,3,758.29,1
15569,1,5,1375.71,0
15570,1,12,4148.82,0
15571,1,4,650.4300000000001,1
15572,1,7,2533.42,0
15573,1,2,591.1899999999999,1
15574,1,4,675.64,1
15576,1,1,921.37,1
15577,1,3,258.88,1
15578,1,1,127.1,1
15579,1,2,327.6,1
15581,1,13,3675.77,0
15582,1,3,682.9100000000001,1
15584,1,4,720.86,1
15585,1,1,455.3,1
15587,1,4,913.6800000000001,0
15589,1,3,478.53000000000003,1
15592,1,1,388.58,1
15593,1,1,199.8,1
15594,1,5,1771.78,0
15596,1,5,1406.59,0
15597,1,1,324.57,1
15598,1,1,240.68,1
15599,1,2,761.74,1
15601,1,14,6776.56,0
15602,1,9,1297.8700000000001,0
15603,1,1,48.480000000000004,1
15604,1,1,216.39,1
15605,1,5,1198.23,0
15606,1,9,2920.16,0
15607,1,1,104.76,1
15608,1,4,1093.68,0
15609,1,1,298.48,1
15610,1,1,112.46000000000001,1
15611,1,13,1591.45,0
15612,1,2,195.15,1
15615,1,23,10399.74,0
15618,1,4,776.851,1
15619,1,1,336.40000000000003,1
15620,1,3,1553.18,0
15621,1,4,1293.03,0
15622,1,9,3709.56,0
15623,1,1,301.03,1
15624,1,4,588.13,1
15625,1,4,1534.26,0
15626,1,2,675.8,1
15628,1,9,2870.2400000000002,0
15630,1,2,1186.35,1
15632,1,8,3285.31,0
15634,1,1,243.55,1
15636,1,2,724.76,1
15637,1,1,223.36,1
15639,1,1,425.32,1
15640,1,15,12416.11,0
15641,1,4,1887.2,0
15643,1,3,664.0,1
15644,1,4,803.54,0
15645,1,1,612.01,1
15646,1,3,447.64000000000004,1
15648,1,2,639.5,1
15649,1,2,816.0,1
15651,1,3,646.3,1
15652,1,1,337.74,1
15653,1,2,877.4399999999999,1
15654,1,2,922.53,1
15655,1,1,560.67,1
15656,1,4,748.5,1
15657,1,1,30.0,1
15658,1,5,1024.1000000000001,0
15659,1,1,306.45,1
15660,1,9,1600.86,0
15661,1,2,309.8,1
15663,1,1,138.14,1
15664,1,1,386.43,1
15665,1,2,2222.21,0
15667,1,1,301.32,1
15668,1,1,76.32000000000001,1
15669,1,4,684.34,1
15670,1,1,173.05,1
15671,1,7,2657.13,0
15673,1,4,2726.23,0
15674,1,5,2446.6,0
15675,1,3,323.69,1
15676,1,3,3435.76,0
15677,1,1,657.23,1
15678,1,1,352.7,1
15679,1,4,781.28,1
15680,1,3,1333.68,0
15681,1,5,1426.16,0
15683,1,1,193.75,1
15687,1,9,2993.1,0
15689,1,2,254.1,1
15690,1,2,239.76,1
15691,1,1,136.8,1
15692,1,1,191.04,1
15694,1,14,6479.4,0
15695,1,2,409.98,1
15696,1,8,2711.11,0
15699,1,1,309.65,1
15700,1,2,696.68,1
15701,1,4,1529.0,0
15703,1,1,211.5,1
15704,1,4,2293.62,0
15705,1,1,143.1,1
15706,1,4,1060.56,0
15707,1,4,916.98,0
15708,1,7,3235.25,0
15709,1,1,133.25,1
15712,1,5,1072.3600000000001,0
15713,1,2,356.7,1
15714,1,2,330.03000000000003,1
15716,1,4,1101.1100000000001,0
15717,1,1,150.3,1
15719,1,13,5030.07,0
15720,1,1,598.73,1
15721,1,1,471.40000000000003,1
15722,1,5,2211.21,0
15723,1,1,190.7,1
15724,1,2,218.25,1
15725,1,1,415.25,1
15727,1,7,5159.06,0
15729,1,1,85.0,1
15730,1,3,1120.88,1
15732,1,2,294.12,1
15733,1,1,162.3,1
15734,1,2,1339.45,1
15737,1,8,1188.1200000000001,0
15738,1,16,4812.42,0
15739,1,1,449.12,1
15740,1,1,154.88,1
15743,1,4,775.96,1
15744,1,1,34.8,1
15745,1,4,1094.59,0
15746,1,1,196.88,1
15747,1,3,946.64,1
15748,1,1,144.36,1
15749,1,3,44534.3,0
15750,1,8,2463.05,0
15752,1,7,2626.6,0
15753,1,1,79.2,1
15754,1,3,458.57,1
15755,1,6,2364.25,0
15756,1,4,528.01,1
15757,1,2,714.42,1
15758,1,1,205.25,1
15759,1,3,253.04,1
15762,1,2,583.75,1
15763,1,2,1086.92,1
15764,1,6,3279.97,0
15766,1,1,315.06,1
15768,1,3,621.8299999999999,1
15769,1,26,56252.72,0
15773,1,1,635.6800000000001,1
15774,1,1,270.8,1
15775,1,1,104.9,1
15776,1,1,241.62,1
15777,1,4,1047.11,0
15780,1,3,475.28000000000003,1
15781,1,3,345.46,1
15782,1,3,2614.7400000000002,0
15783,1,1,246.3,1
15785,1,5,2328.9700000000003,0
15786,1,3,4919.0,0
15787,1,3,933.26,1
15789,1,1,351.3,1
15790,1,1,218.75,1
15791,1,2,1612.69,1
15793,1,3,965.61,1
15795,1,1,610.01,1
15796,1,8,2708.61,0
15797,1,4,2207.4,0
15799,1,3,884.14,1
15800,1,2,696.89,1
15801,1,3,1063.95,1
15802,1,1,451.42,1
15803,1,1,415.82000000000005,1
15804,1,13,4206.39,0
15805,1,17,5488.18,0
15806,1,3,784.58,1
15807,1,3,903.9,1
15808,1,4,3651.27,0
15809,1,5,515.77,1
15810,1,4,1391.98,0
15811,1,6,2218.62,0
15812,1,5,1801.14,0
15813,1,2,1303.9099999999999,1
15814,1,4,1945.33,0
15815,1,5,2100.6,0
15819,1,4,1905.45,0
15820,1,1,206.98,1
15821,1,2,570.96,1
15822,1,2,885.47,1
15823,1,1,15.0,1
15825,1,1,532.94,1
15826,1,3,1654.31,0
15827,1,14,1836.0900000000001,0
15829,1,2,636.14,1
15830,1,1,576.0,1
15831,1,3,794.64,1
15832,1,1,836.79,1
15834,1,4,2225.15,0
15835,1,4,954.09,0
15836,1,1,137.37,1
15837,1,1,391.98,1
15838,1,19,33643.08,0
15839,1,3,1048.49,1
15840,1,2,355.56,1
15841,1,4,1224.06,0
15843,1,1,118.95000000000002,1
15844,1,1,130.73999999999998,1
15845,1,8,3711.77,0
15847,1,2,389.27,1
15850,1,2,234.88,1
15852,1,2,160.71,1
15853,1,1,110.8,1
15854,1,12,2969.12,0
15855,1,5,712.24,0
15856,1,27,16143.64,0
15857,1,1,297.0,1
15858,1,5,1427.57,0
15860,1,8,965.16,0
15861,1,8,3146.92,0
15862,1,4,832.88,0
15863,1,2,68.84,1
15864,1,6,1936.3200000000002,0
15865,1,3,895.13,1
15866,1,1,211.89,1
15867,1,15,3810.14,0
15869,1,2,149.64,1
15870,1,1,351.44,1
15872,1,2,316.25,1
15874,1,7,4405.88,0
15877,1,2,490.33,1
15880,1,1,329.03000000000003,1
15881,1,5,501.39000000000004,1
15882,1,4,516.36,1
15883,1,2,396.48,1
15885,1,3,379.35,1
15886,1,1,181.09,1
15888,1,1,168.31,1
15889,1,2,420.07,1
15891,1,1,511.68,1
15894,1,2,258.25,1
15895,1,1,179.17,1
15897,1,2,208.59,1
15898,1,5,1383.83,0
15899,1,1,56.25,1
15900,1,1,337.28,1
15901,1,3,351.73,1
15903,1,7,5126.76,0
15904,1,1,164.68,1
15906,1,7,1567.69,0
15907,1,3,882.72,1
15909,1,1,191.94,1
15910,1,8,1228.88,0
15912,1,2,264.62,1
15916,1,8,1502.8600000000001,0
15917,1,1,123.1,1
15918,1,2,334.23,1
15919,1,2,525.69,1
15920,1,4,167.5,1
15921,1,1,323.03000000000003,1
15922,1,1,369.5,1
15923,1,1,127.08,1
15925,1,1,207.15,1
15930,1,1,426.63,1
15932,1,8,2495.87,0
15933,1,3,1107.46,1
15935,1,2,416.86,1
15937,1,1,145.35,1
15938,1,5,404.58,1
15939,1,15,6115.01,0
15940,1,1,35.8,1
15942,1,1,337.44,1
15944,1,1,325.1,1
15945,1,1,181.0,1
15947,1,1,1708.24,1
15948,1,2,955.24,1
15949,1,2,364.72,1
15950,1,4,1744.71,0
15951,1,2,708.22,1
15952,1,4,781.91,1
15953,1,8,1657.28,0
15955,1,14,4416.26,0
15957,1,1,428.89,1
15958,1,1,104.35,1
15963,1,2,470.76,1
15965,1,4,808.87,0
15967,1,2,397.68,1
15969,1,3,666.1,1
15970,1,1,314.1,1
15971,1,12,4199.85,0
15973,1,1,307.82000000000005,1
15974,1,7,3442.15,0
15975,1,1,371.01,1
15976,1,2,427.64,1
15977,1,2,1054.73,1
15978,1,1,1098.78,1
15980,1,3,2398.86,0
15981,1,8,3408.48,0
15983,1,4,1465.12,0
15984,1,10,2780.63,0
15985,1,2,1142.42,1
15986,1,1,168.12,1
15987,1,7,1432.77,0
15988,1,1,156.78,1
15990,1,2,792.11,1
15992,1,1,41.989999999999995,1
15993,1,7,2777.67,0
15994,1,1,414.27,1
15996,1,6,1032.58,0
15998,1,5,3080.22,0
16000,1,3,12393.7,0
16003,1,5,2735.37,0
16005,1,4,578.71,1
16006,1,1,101.4,1
16007,1,4,1693.81,0
16008,1,3,478.78,1
16009,1,4,972.11,0
16010,1,3,392.4,1
16011,1,16,3352.96,0
16012,1,3,1415.29,0
16013,1,47,37130.6,0
16014,1,3,646.83,1
16015,1,3,704.55,1
16016,1,8,1465.51,0
16017,1,1,211.88,1
16018,1,2,408.90000000000003,1
16019,1,9,3786.2400000000002,0
16020,1,3,851.01,1
16022,1,1,602.63,1
16023,1,3,719.81,1
16024,1,1,251.03,1
16025,1,1,439.65999999999997,1
16026,1,1,236.09,1
16027,1,6,934.62,0
16029,1,63,80850.84,0
16030,1,1,331.24,1
16031,1,2,547.9,1
16033,1,20,8778.82,0
16034,1,3,437.7,1
16036,1,2,758.92,1
16037,1,3,855.02,1
16038,1,3,471.78000000000003,1
16040,1,3,1313.55,0
16041,1,3,3166.4,0
16042,1,5,1177.47,0
16043,1,4,773.99,1
16045,1,4,1340.7,0
16048,1,2,256.44,1
16049,1,3,1074.81,1
16050,1,1,137.9,1
16052,1,1,362.06,1
16053,1,2,1511.95,1
16054,1,1,783.9,1
16055,1,1,134.8,1
16056,1,1,650.75,1
16057,1,7,2263.12,0
16059,1,6,1453.16,0
16062,1,4,1153.62,0
16063,1,1,335.32,1
16065,1,1,367.14,1
16066,1,5,1521.04,0
16070,1,2,852.15,1
16071,1,1,326.24,1
16072,1,1,584.3199999999999,1
16073,1,1,122.39999999999999,1
16076,1,10,2234.73,0
16078,1,1,79.2,1
16079,1,3,1352.0,0
16080,1,2,217.16,1
16081,1,5,2799.42,0
16083,1,2,1317.62,1
16084,1,1,436.18,1
16085,1,5,981.51,0
16086,1,5,1121.39,0
16091,1,2,315.06,1
16092,1,3,817.86,1
16093,1,1,17.0,1
16094,1,4,1078.23,0
16096,1,1,320.62,1
16097,1,1,185.04999999999998,1
16098,1,7,2005.63,0
16099,1,3,731.9,1
16101,1,1,1290.7,1
16102,1,3,1842.14,0
16103,1,6,1429.64,0
16104,1,1,298.21,1
16105,1,1,336.96,1
16106,1,1,108.38,1
16107,1,7,3204.1600000000003,0
16108,1,1,842.5,1
16109,1,2,611.88,1
16110,1,3,1320.95,0
16112,1,4,195.73999999999998,1
16113,1,1,161.38,1
16114,1,1,135.75000000000003,1
16115,1,8,1660.8799999999999,0
16116,1,1,612.78,1
16117,1,1,232.21,1
16119,1,2,423.36,1
16120,1,4,1309.14,0
16121,1,2,854.66,1
16122,1,4,684.4200000000001,1
16123,1,1,307.78,1
16124,1,1,249.0,1
16125,1,1,289.35,1
16126,1,4,6287.77,0
16127,1,1,656.25,1
16128,1,5,1880.22,0
16131,1,6,3506.54,0
16133,1,33,14589.04,0
16134,1,2,618.09,1
16135,1,1,517.55,1
16136,1,3,709.38,1
16139,1,3,635.41,1
16140,1,2,725.18,1
16141,1,1,620.4,1
16142,1,1,535.34,1
16143,1,6,2424.94,0
16144,1,1,175.2,1
16145,1,11,3799.4900000000002,0
16146,1,3,734.13,1
16147,1,1,375.0,1
16148,1,1,76.32000000000001,1
16149,1,2,280.52,1
16150,1,5,2053.02,0
16152,1,1,1829.04,1
16153,1,5,1824.23,0
16156,1,9,3092.04,0
16157,1,3,656.69,1
16159,1,1,348.2,1
16160,1,2,1025.44,1
16161,1,19,5533.67,0
16162,1,1,37.4,1
16163,1,2,856.6,1
16164,1,3,822.48,1
16168,1,27,3787.6,0
16169,1,4,1822.97,0
16170,1,6,1885.05,0
16171,1,1,73.2,1
16172,1,5,1140.21,0
16173,1,6,1418.32,0
16174,1,3,1009.5500000000001,1
16175,1,4,1037.59,0
16177,1,1,331.95,1
16178,1,1,197.9,1
16179,1,1,215.83,1
16180,1,8,10254.18,0
16181,1,1,305.54,1
16182,1,4,6617.65,0
16183,1,1,338.71000000000004,1
16184,1,6,1158.79,0
16185,1,2,529.41,1
16186,1,12,4006.94,0
16187,1,15,6911.4400000000005,0
16188,1,4,981.86,0
16189,1,2,215.48,1
16190,1,1,215.08,1
16191,1,13,5180.52,0
16193,1,1,314.45,1
16198,1,1,400.68100000000004,1
16200,1,2,1068.8700000000001,1
16201,1,4,1863.47,0
16202,1,1,365.27,1
16203,1,4,592.9,1
16204,1,1,384.18,1
16205,1,4,757.63,1
16206,1,4,537.0600000000001,1
16207,1,1,394.38,1
16208,1,2,664.26,1
16209,1,5,2262.62,0
16210,1,18,21086.3,0
16211,1,1,547.02,1
16212,1,2,690.34,1
16213,1,1,159.0,1
16214,1,3,1062.75,1
16215,1,1,242.35,1
16216,1,1,914.9300000000001,1
16217,1,2,304.25,1
16218,1,7,3084.68,0
16221,1,3,860.86,1
16222,1,1,773.5500000000001,1
16224,1,4,1295.3,0
16225,1,5,1096.32,0
16226,1,3,255.12,1
16227,1,1,314.22,1
16229,1,2,1010.6,1
16230,1,2,542.03,1
16232,1,4,990.88,0
16233,1,3,536.6800000000001,1
16235,1,5,867.31,0
16236,1,1,432.2,1
16239,1,2,414.2,1
16240,1,2,3718.8,0
16241,1,13,2590.31,0
16242,1,7,3579.86,0
16243,1,2,409.1,1
16244,1,2,1522.75,1
16245,1,3,1413.66,0
16247,1,1,114.56,1
16248,1,1,152.94,1
16249,1,5,1800.07,0
16250,1,2,389.44,1
16253,1,2,3683.86,0
16255,1,8,2619.91,0
16256,1,1,752.4300000000001,1
16257,1,1,46.95,1
16258,1,5,5203.51,0
16260,1,1,1035.45,1
16261,1,4,728.54,1
16265,1,9,5447.0,0
16266,1,7,861.89,0
16268,1,2,667.65,1
16270,1,1,1141.24,1
16271,1,5,1404.64,0
16272,1,1,411.7,1
16274,1,1,351.75,1
16275,1,1,559.87,1
16276,1,1,810.6000000000001,1
16278,1,1,566.38,1
16279,1,3,1502.78,0
16281,1,1,2062.06,1
16282,1,1,168.3,1
16283,1,5,1570.81,0
16284,1,2,812.68,1
16287,1,1,142.5,1
16292,1,1,302.25,1
16293,1,10,2248.9900000000002,0
16295,1,4,1328.55,0
16297,1,1,301.9,1
16298,1,3,598.2,1
16302,1,1,233.22,1
16303,1,3,5360.63,0
16305,1,1,361.21999999999997,1
16306,1,6,632.27,0
16308,1,4,2560.0,0
16309,1,2,706.57,1
16311,1,2,616.26,1
16313,1,2,274.15000000000003,1
16315,1,1,226.37,1
16316,1,8,2938.91,0
16317,1,3,1341.65,0
16318,1,1,328.15,1
16319,1,1,404.40000000000003,1
16320,1,2,1038.46,1
16321,1,5,373.65000000000003,1
16322,1,2,326.75,1
16323,1,1,207.50000000000003,1
16324,1,3,408.59000000000003,1
16325,1,3,594.24,1
16326,1,14,3039.2200000000003,0
16327,1,6,3820.27,0
16330,1,3,251.91,1
16332,1,7,1582.8,0
16333,1,22,26626.8,0
16337,1,1,151.05,1
16338,1,1,214.79999999999998,1
16339,1,1,94.05,1
16340,1,1,534.31,1
16341,1,4,1971.87,0
16342,1,4,322.41,1
16343,1,2,328.58,1
16344,1,1,101.10000000000001,1
16345,1,1,565.46,1
16347,1,2,847.45,1
16348,1,7,1415.65,0
16349,1,1,53.5,1
16350,1,4,1116.47,0
16351,1,1,153.9,1
16352,1,2,494.44,1
16353,1,23,6675.71,0
16354,1,2,395.8,1
16356,1,3,211.77,1
16357,1,3,658.88,1
16358,1,4,2027.5,0
16359,1,9,1750.92,0
16360,1,6,3450.41,0
16361,1,4,891.21,0
16362,1,5,709.99,0
16363,1,1,109.36000000000001,1
16364,1,2,705.79,1
16365,1,9,1540.42,0
16366,1,1,327.3,1
16367,1,2,800.67,1
16368,1,2,479.91,1
16369,1,3,1545.41,0
16370,1,4,1301.91,0
16372,1,2,355.73,1
16374,1,2,466.73,1
16376,1,2,974.96,1
16377,1,1,676.2,1
16378,1,3,362.95,1
16379,1,4,2157.4,0
16380,1,1,1743.1499999999999,1
16383,1,2,643.76,1
16384,1,2,584.5,1
16385,1,3,554.86,1
16386,1,2,302.57,1
16387,1,1,94.36,1
16389,1,4,1382.07,0
16392,1,1,217.89,1
16393,1,13,3040.96,0
16394,1,5,1555.34,0
16395,1,5,1482.06,0
16398,1,2,1705.8,1
16399,1,2,408.02,1
16400,1,1,303.93,1
16401,1,12,4098.32,0
16402,1,2,293.45,1
16403,1,1,177.5,1
16404,1,1,443.05,1
16405,1,2,167.25,1
16406,1,1,154.35,1
16407,1,10,2079.68,0
16409,1,5,2022.98,0
16411,1,2,211.7,1
16412,1,1,135.99,1
16413,1,1,262.2,1
16414,1,2,126.25,1
16415,1,1,200.27,1
16416,1,3,1051.4,1
16418,1,3,631.12,1
16419,1,6,958.71,0
16422,1,51,34684.4,0
16423,1,1,346.12,1
16424,1,1,133.56,1
16425,1,1,302.7,1
16426,1,10,1863.76,0
16427,1,2,241.06,1
16429,1,1,284.55,1
16430,1,1,300.85,1
16431,1,3,623.28,1
16432,1,1,287.4,1
16433,1,1,184.26,1
16434,1,7,1511.8,0
16438,1,5,798.35,0
16440,1,5,3640.67,0
16441,1,2,381.2,1
16442,1,3,609.3,1
16444,1,4,654.67,1
16445,1,1,230.51,1
16446,1,2,168472.5,0
16447,1,1,255.91,1
16448,1,1,182.99,1
16449,1,2,707.69,1
16450,1,1,311.92,1
16451,1,1,266.97,1
16454,1,2,6.9,1
16455,1,7,1841.18,0
16456,1,5,2158.18,0
16457,1,1,208.36,1
16458,1,18,3482.7400000000002,0
16460,1,3,811.23,1
16461,1,1,142.92,1
16462,1,3,136.0,1
16463,1,4,1422.4,0
16464,1,3,1298.66,0
16466,1,7,1595.96,0
16468,1,1,74.9,1
16469,1,4,625.42,1
16470,1,4,752.77,1
16471,1,1,223.95000000000002,1
16473,1,3,316.11,1
16474,1,7,1810.65,0
16475,1,4,544.3,1
16477,1,7,2494.46,0
16478,1,3,331.0,1
16479,1,2,300.83,1
16480,1,1,769.29,1
16482,1,1,220.62,1
16483,1,1,139.35,1
16484,1,2,404.3,1
16485,1,1,363.65,1
16488,1,3,498.8,1
16491,1,1,731.5,1
16493,1,4,1351.63,0
16494,1,1,826.53,1
16495,1,3,648.26,1
16496,1,3,1599.52,0
16497,1,6,2965.69,0
16498,1,2,100.97,1
16499,1,2,365.45,1
16500,1,6,400.86,1
16503,1,4,1431.93,0
16504,1,1,465.88,1
16505,1,1,777.6,1
16506,1,2,90.30000000000001,1
16509,1,1,363.7,1
16510,1,1,248.1,1
16511,1,3,918.33,1
16513,1,4,874.59,0
16515,1,5,1624.14,0
16516,1,1,101.69999999999999,1
16517,1,1,162.7,1
16518,1,2,484.32,1
16519,1,2,215.07999999999998,1
16520,1,3,1046.57,1
16523,1,21,9418.470000000001,0
16525,1,26,13027.45,0
16526,1,1,290.36,1
16527,1,1,228.06,1
16528,1,1,244.41,1
16529,1,1,455.25,1
16531,1,7,1244.59,0
16532,1,3,6748.8,0
16533,1,3,1082.81,1
16535,1,1,593.75,1
16536,1,1,548.12,1
16539,1,4,1388.81,0
16542,1,1,119.62,1
16545,1,1,339.3,1
16546,1,2,787.15,1
16549,1,10,4034.9,0
16550,1,5,2298.97,0
16551,1,3,922.12,1
16552,1,2,379.73,1
16553,1,12,5719.82,0
16554,1,3,837.1,1
16555,1,2,285.89,1
16556,1,7,3313.79,0
16557,1,2,281.85,1
16558,1,20,8338.49,0
16560,1,2,841.41,1
16561,1,2,511.12,1
16563,1,1,1077.74,1
16565,1,1,173.7,1
16566,1,5,614.66,0
16567,1,2,865.6,1
16569,1,1,124.2,1
16570,1,10,3738.4,0
16571,1,3,1421.69,0
16572,1,3,1009.6,1
16573,1,2,663.61,1
16574,1,1,451.44,1
16581,1,1,105.84,1
16582,1,1,313.62,1
16583,1,1,233.45,1
16584,1,2,936.08,1
16586,1,1,463.95,1
16587,1,1,225.15,1
16589,1,3,459.24,1
16591,1,1,213.5,1
16592,1,16,4113.68,0
16593,1,3,330.03,1
16594,1,1,181.09,1
16595,1,1,360.16,1
16596,1,2,250.15,1
16597,1,1,90.04,1
16598,1,1,145.04999999999998,1
16600,1,6,813.52,0
16601,1,1,242.7,1
16602,1,1,528.08,1
16603,1,2,482.47,1
16607,1,14,3347.71,0
16609,1,7,5493.46,0
16610,1,1,75.66,1
16611,1,1,129.49,1
16612,1,4,1187.66,0
16613,1,1,618.59,1
16614,1,1,506.19,1
16616,1,2,500.42,1
16617,1,1,151.85,1
16618,1,5,2647.59,0
16619,1,1,226.21,1
16620,1,2,178.96,1
16621,1,4,813.48,0
16623,1,1,129.45,1
16624,1,2,810.5699999999999,1
16625,1,1,333.08,1
16626,1,17,4413.1,0
16627,1,1,322.8,1
16628,1,5,2188.05,0
16629,1,2,408.63,1
16633,1,6,2883.1,0
16634,1,2,217.9,1
16637,1,4,1154.47,0
16638,1,10,1680.72,0
16639,1,3,1257.51,0
16641,1,1,231.10000000000002,1
16642,1,2,688.33,1
16643,1,1,487.51,1
16644,1,2,833.78,1
16647,1,2,214.06,1
16648,1,1,290.65999999999997,1
16650,1,1,518.42,1
16652,1,7,6773.97,0
16653,1,2,1212.66,1
16654,1,4,601.27,1
16655,1,6,3789.52,0
16656,1,15,8625.8,0
16657,1,4,874.43,0
16658,1,1,123.24,1
16659,1,1,39.12,1
16660,1,4,1267.6499999999999,0
16665,1,1,135.39999999999998,1
16666,1,1,118.98,1
16667,1,2,567.1800000000001,1
16668,1,6,306.71999999999997,1
16669,1,3,1348.88,0
16670,1,11,4095.9,0
16671,1,3,1692.27,0
16672,1,20,8134.9400000000005,0
16674,1,2,304.24,1
16676,1,4,1592.1200000000001,0
16678,1,12,3109.99,0
16679,1,1,129.75,1
16680,1,1,183.7,1
16681,1,6,1770.34,0
16682,1,5,1028.0,0
16684,1,28,66653.56,0
16685,1,2,324.24,1
16686,1,7,2959.88,0
16688,1,4,1260.86,0
16689,1,2,422.59999999999997,1
16690,1,2,225.57999999999998,1
16692,1,2,1276.0,1
16693,1,2,477.86,1
16696,1,4,657.9000000000001,1
16697,1,1,112.75,1
16698,1,2,1998.0,1
16700,1,13,5076.55,0
16701,1,13,5398.3,0
16705,1,20,14034.99,0
16706,1,3,531.35,1
16708,1,1,656.63,1
16709,1,5,3029.87,0
16710,1,10,2467.99,0
16711,1,5,1651.03,0
16712,1,11,3611.31,0
16713,1,15,6910.78,0
16714,1,3,1129.06,1
16715,1,1,301.71999999999997,1
16716,1,2,901.2,1
16717,1,6,3843.08,0
16718,1,1,606.0500000000001,1
16719,1,7,1770.22,0
16720,1,1,152.95,1
16721,1,1,292.47,1
16722,1,13,4730.81,0
16723,1,2,576.4,1
16725,1,7,758.27,0
16726,1,5,1358.74,0
16727,1,1,256.32,1
16728,1,4,1048.28,0
16729,1,21,7205.33,0
16730,1,3,743.11,1
16732,1,1,603.75,1
16734,1,3,646.76,1
16735,1,5,2247.41,0
16737,1,1,417.59999999999997,1
16738,1,1,3.75,1
16739,1,1,323.0,1
16742,1,1,464.9,1
16743,1,7,2213.13,0
16744,1,7,1291.91,0
16745,1,17,7180.7,0
16746,1,18,6680.11,0
16747,1,2,836.06,1
16748,1,5,1515.9,0
16750,1,5,623.93,0
16751,1,1,1764.72,1
16752,1,1,207.5,1
16753,1,1,223.92000000000002,1
16754,1,1,2002.4,1
16755,1,3,1475.43,0
16756,1,1,239.4,1
16757,1,1,106.83000000000001,1
16758,1,1,369.34000000000003,1
16759,1,3,789.79,1
16761,1,1,316.62,1
16762,1,3,1207.24,1
16763,1,1,611.85,1
16764,1,13,2790.9500000000003,0
16765,1,1,34.0,1
16766,1,2,1145.6,1
16767,1,11,5575.56,0
16768,1,3,478.09000000000003,1
16769,1,1,361.54,1
16770,1,5,757.1,0
16771,1,5,2242.61,0
16773,1,1,171.59,1
16774,1,4,661.52,1
16775,1,11,1691.51,0
16776,1,1,371.54,1
16777,1,2,222.62,1
16778,1,2,245.94,1
16779,1,22,10611.720000000001,0
16780,1,2,422.24,1
16781,1,1,311.25,1
16782,1,13,2267.9500000000003,0
16784,1,1,107.6,1
16788,1,2,594.39,1
16789,1,1,80.8,1
16790,1,6,1545.6200000000001,0
16791,1,7,1705.78,0
16792,1,2,110.38000000000001,1
16793,1,1,243.84,1
16794,1,10,1196.5,0
16795,1,1,414.88,1
16796,1,1,305.62,1
16800,1,1,1162.65,1
16801,1,4,1594.23,0
16803,1,1,332.3,1
16804,1,3,536.99,1
16805,1,2,460.59,1
16806,1,4,762.16,1
16807,1,3,1121.59,1
16808,1,2,288.42,1
16809,1,5,914.69,0
16810,1,1,309.54,1
16811,1,2,547.07,1
16812,1,1,479.35,1
16813,1,10,1652.18,0
16814,1,21,6416.7,0
16816,1,4,417.06,1
16817,1,9,1604.75,0
16818,1,11,3349.57,0
16820,1,1,497.61,1
16823,1,1,358.38,1
16824,1,2,460.64,1
16825,1,2,775.1800000000001,1
16826,1,1,341.7,1
16828,1,2,128.5,1
16829,1,1,197.22,1
16830,1,1,325.91,1
16832,1,3,199.15,1
16833,1,4,1106.53,0
16834,1,1,413.46,1
16835,1,2,180.85,1
16836,1,2,251.87,1
16837,1,11,3170.98,0
16838,1,2,588.85,1
16839,1,34,16594.35,0
16841,1,6,1869.82,0
16842,1,3,1264.19,0
16843,1,16,10196.57,0
16846,1,1,214.32,1
16847,1,1,193.44,1
16848,1,1,281.42,1
16849,1,1,124.57,1
16850,1,1,332.41,1
16851,1,3,342.45,1
16852,1,2,144.91000000000003,1
16855,1,2,328.4,1
16856,1,1,35.400000000000006,1
16858,1,1,375.69000000000005,1
16859,1,2,747.81,1
16861,1,2,173.76,1
16863,1,2,502.8,1
16866,1,3,207.73999999999998,1
16869,1,4,817.12,0
16871,1,6,2812.34,0
16872,1,3,680.02,1
16873,1,6,7123.62,0
16875,1,5,2095.53,0
16877,1,6,846.62,0
16878,1,1,13.3,1
16880,1,7,1491.43,0
16881,1,1,432.0,1
16882,1,3,705.12,1
16883,1,2,272.48,1
16884,1,2,429.84000000000003,1
16885,1,3,450.41,1
16887,1,1,192.32999999999998,1
16889,1,3,1578.67,0
16891,1,5,742.43,0
16892,1,5,518.19,1
16893,1,1,145.93,1
16895,1,1,202.27,1
16897,1,2,289.78,1
16898,1,3,501.03,1
16899,1,6,1271.06,0
16900,1,3,887.11,1
16902,1,1,1706.88,1
16903,1,1,363.2,1
16904,1,16,3653.75,0
16905,1,7,3037.6,0
16906,1,4,559.59,1
16907,1,5,928.76,0
16909,1,1,379.14,1
16910,1,8,1508.96,0
16912,1,11,2555.58,0
16913,1,1,113.44,1
16914,1,1,183.76,1
16915,1,6,621.6800000000001,0
16916,1,2,562.41,1
16917,1,1,391.52,1
16918,1,6,1068.82,0
16919,1,11,2592.25,0
16921,1,1,154.18,1
16923,1,19,7069.08,0
16924,1,3,829.89,1
16926,1,1,230.25,1
16927,1,3,543.05,1
16928,1,17,2814.7,0
16929,1,7,1295.39,0
16930,1,3,378.89,1
16931,1,21,4554.87,0
16932,1,1,150.23000000000002,1
16933,1,2,563.23,1
16934,1,2,931.03,1
16936,1,1,261.9,1
16938,1,4,2711.6800000000003,0
16940,1,3,3049.88,0
16942,1,9,1904.99,0
16943,1,3,816.73,1
16945,1,19,4345.5,0
16947,1,1,406.48,1
16948,1,3,435.02,1
16949,1,6,1286.27,0
16950,1,3,1178.56,1
16951,1,3,1277.75,0
16952,1,2,167.61,1
16953,1,1,20.8,1
16954,1,9,2085.08,0
16955,1,4,518.67,1
16956,1,1,308.74,1
16957,1,2,416.64,1
16959,1,1,117.35000000000001,1
16960,1,3,507.05,1
16961,1,1,234.17,1
16963,1,1,110.55000000000001,1
16965,1,1,201.19,1
16966,1,7,2154.97,0
16967,1,1,319.02,1
16968,1,2,439.43,1
16969,1,3,650.41,1
16971,1,1,357.21,1
16976,1,1,251.51999999999998,1
16978,1,1,344.33,1
16979,1,6,1852.0,0
16980,1,2,1028.46,1
16982,1,1,384.06,1
16983,1,7,1905.87,0
16984,1,2,4459.52,0
16985,1,10,5464.12,0
16986,1,2,1873.2,1
16987,1,7,1616.8,0
16988,1,1,126.12,1
16989,1,6,1133.25,0
16990,1,1,179.0,1
16992,1,5,1614.31,0
16996,1,6,1456.96,0
16997,1,3,702.0,1
16998,1,4,295.0,1
16999,1,2,484.82,1
17001,1,11,3989.57,0
17002,1,3,1493.73,0
17004,1,2,1312.1399999999999,1
17006,1,4,781.78,1
17007,1,6,889.9300000000001,0
17010,1,1,195.36,1
17011,1,1,270.9,1
17014,1,3,583.4300000000001,1
17015,1,3,1838.6100000000001,0
17017,1,20,8694.26,0
17018,1,2,920.1,1
17019,1,4,1258.08,0
17022,1,1,71.0,1
17024,1,3,95.85,1
17025,1,3,357.77,1
17026,1,2,154.82999999999998,1
17027,1,6,877.5600000000001,0
17029,1,2,716.0,1
17030,1,1,146.87,1
17031,1,2,380.35,1
17033,1,3,1030.14,1
17034,1,3,745.52,1
17035,1,2,433.53000000000003,1
17037,1,1,1267.32,1
17038,1,1,112.4,1
17040,1,1,449.73,1
17041,1,3,1071.49,1
17042,1,5,1036.58,0
17043,1,4,1735.18,0
17044,1,1,948.48,1
17045,1,3,339.44,1
17046,1,1,642.02,1
17047,1,3,1100.9,1
17048,1,3,925.35,1
17049,1,9,5655.03,0
17050,1,6,3185.64,0
17051,1,1,240.89000000000001,1
17052,1,1,399.09,1
17053,1,1,498.48,1
17054,1,5,1356.33,0
17058,1,3,1179.89,1
17059,1,5,3080.39,0
17060,1,1,234.24,1
17061,1,11,5232.2300000000005,0
17062,1,4,533.33,1
17063,1,7,1461.14,0
17064,1,3,855.45,1
17068,1,21,4552.14,0
17069,1,9,2709.7000000000003,0
17070,1,1,304.24,1
17071,1,9,2429.03,0
17073,1,4,1446.09,0
17075,1,4,834.12,0
17076,1,3,841.0799999999999,1
17078,1,2,378.2,1
17079,1,1,118.80000000000001,1
17080,1,2,287.62,1
17081,1,2,288.91,1
17082,1,2,2003.85,1
17083,1,3,1405.78,0
17084,1,2,2747.9900000000002,0
17085,1,5,1562.4,0
17086,1,6,2050.08,0
17088,1,4,1991.01,0
17090,1,7,1974.65,0
17091,1,9,3827.76,0
17092,1,4,1774.03,0
17094,1,1,302.0,1
17095,1,3,1324.16,0
17096,1,4,1022.13,0
17097,1,8,954.42,0
17100,1,2,971.74,1
17101,1,4,1621.73,0
17102,1,1,25.5,1
17105,1,2,665.78,1
17107,1,6,10797.48,0
17109,1,6,881.29,0
17110,1,1,163.29999999999998,1
17111,1,1,231.61,1
17114,1,8,801.12,0
17115,1,3,837.5,1
17117,1,1,116.19999999999999,1
17118,1,1,157.02,1
17119,1,2,606.91,1
17120,1,1,307.46,1
17122,1,1,138.32,1
17123,1,1,345.29999999999995,1
17124,1,1,294.24,1
17125,1,1,230.5,1
17126,1,5,989.45,0
17128,1,1,157.09,1
17131,1,5,2463.17,0
17133,1,7,4892.240000000001,0
17134,1,2,413.2,1
17135,1,7,1139.73,0
17138,1,1,380.5,1
17139,1,12,10650.77,0
17140,1,1,454.12,1
17142,1,1,579.0,1
17144,1,2,984.57,1
17146,1,3,749.78,1
17147,1,4,1714.59,0
17148,1,1,124.88,1
17152,1,3,1689.5,0
17153,1,1,213.78,1
17154,1,1,329.34,1
17155,1,2,251.70000000000002,1
17157,1,2,319.0,1
17158,1,3,1266.97,0
17159,1,3,1538.88,0
17160,1,6,3518.03,0
17162,1,10,1715.46,0
17163,1,2,293.1,1
17164,1,7,2467.35,0
17165,1,1,158.68,1
17166,1,2,206.34,1
17169,1,2,835.78,1
17171,1,1,224.91,1
17172,1,1,317.76,1
17173,1,8,3766.6,0
17174,1,1,59.9,1
17175,1,4,1443.69,0
17176,1,1,306.13,1
17179,1,3,711.79,1
17180,1,4,783.97,1
17181,1,2,239.92000000000002,1
17183,1,6,3347.31,0
17186,1,2,144.0,1
17187,1,1,203.95,1
17188,1,7,2474.23,0
17189,1,2,383.75,1
17190,1,2,444.74,1
17191,1,7,2093.68,0
17193,1,7,1699.3000000000002,0
17194,1,2,262.62,1
17197,1,1,1013.01,1
17198,1,3,692.22,1
17201,1,1,289.78,1
17203,1,6,3560.08,0
17204,1,4,1564.56,0
17205,1,1,384.08,1
17206,1,1,204.24,1
17211,1,8,2317.2200000000003,0
17212,1,1,226.85,1
17213,1,7,2781.23,0
17214,1,6,1059.1200000000001,0
17217,1,1,113.5,1
17218,1,10,1951.97,0
17219,1,1,114.23,1
17220,1,14,3187.55,0
17221,1,2,334.48,1
17222,1,1,328.65,1
17223,1,2,416.89,1
17226,1,1,393.49,1
17227,1,6,939.32,0
17228,1,8,1906.09,0
17229,1,2,318.76,1
17230,1,8,3638.41,0
17231,1,10,3124.72,0
17232,1,2,417.77,1
17233,1,1,190.88,1
17234,1,1,149.89000000000001,1
17235,1,2,550.06,1
17236,1,6,916.13,0
17237,1,2,314.69,1
17238,1,17,3719.1,0
17239,1,1,382.5,1
17242,1,2,1135.04,1
17243,1,26,8540.05,0
17244,1,1,954.9,1
17245,1,1,171.45,1
17247,1,1,280.09000000000003,1
17248,1,1,318.65,1
17250,1,2,381.97,1
17251,1,1,269.83,1
17252,1,2,348.91,1
17253,1,1,178.26,1
17254,1,2,271.19,1
17255,1,2,291.48,1
17256,1,2,240.0,1
17259,1,2,581.23,1
17262,1,5,1253.3600000000001,0
17263,1,1,63.440000000000005,1
17265,1,2,550.01,1
17266,1,3,296.58,1
17267,1,2,317.2,1
17268,1,4,763.64,1
17272,1,4,2148.63,0
17274,1,1,107.82,1
17277,1,2,1065.3500000000001,1
17278,1,1,246.04,1
17279,1,1,187.82999999999998,1
17282,1,3,1685.46,0
17284,1,6,1647.48,0
17286,1,1,151.37,1
17287,1,7,1049.06,0
17288,1,7,1417.63,0
17289,1,3,931.02,1
17290,1,2,513.01,1
17291,1,1,550.8000000000001,1
17293,1,9,1854.06,0
17295,1,3,547.0,1
17297,1,1,128.18,1
17298,1,2,498.42,1
17299,1,4,656.61,1
17301,1,1,163.24,1
17302,1,5,1135.63,0
17303,1,1,250.04,1
17306,1,19,8631.31,0
17309,1,1,82.75,1
17311,1,2,1384.85,1
17312,1,3,644.3,1
17313,1,1,2328.84,1
17314,1,8,2527.92,0
17315,1,38,6281.23,0
17317,1,3,2600.34,0
17320,1,3,1200.6200000000001,1
17321,1,2,657.16,1
17323,1,7,906.52,0
17324,1,4,986.48,0
17325,1,1,96.8,1
17329,1,2,523.11,1
17330,1,2,363.9,1
17331,1,1,175.2,1
17333,1,1,494.25,1
17334,1,2,307.02,1
17337,1,4,1981.06,0
17338,1,8,6493.54,0
17339,1,2,243.36,1
17340,1,11,12353.29,0
17341,1,3,682.29,1
17343,1,1,193.64,1
17344,1,1,157.62,1
17345,1,4,519.6899999999999,1
17346,1,15,2622.88,0
17347,1,1,228.96,1
17348,1,5,1156.6,0
17349,1,1,98.25,1
17350,1,4,1281.32,0
17351,1,3,587.15,1
17353,1,2,1740.0,1
17354,1,1,1393.06,1
17356,1,1,178.22,1
17357,1,2,384.39,1
17358,1,2,360.81,1
17359,1,1,127.86,1
17360,1,3,568.24,1
17361,1,3,488.2,1
17362,1,2,312.23,1
17364,1,11,4462.68,0
17365,1,8,4767.36,0
17367,1,1,167.55,1
17368,1,8,1878.87,0
17370,1,4,446.18,1
17371,1,3,418.4,1
17372,1,8,1337.18,0
17373,1,4,646.92,1
17374,1,2,495.77,1
17375,1,3,400.1,1
17376,1,2,203.2,1
17377,1,20,4058.32,0
17379,1,1,389.71999999999997,1
17381,1,29,20275.61,0
17382,1,1,65.4,1
17383,1,1,193.39000000000001,1
17384,1,2,336.4,1
17385,1,1,256.11,1
17386,1,6,2686.42,0
17387,1,2,746.81,1
17388,1,4,1259.56,0
17389,1,34,31833.68,0
17391,1,2,508.8,1
17392,1,2,417.27,1
17394,1,1,203.86999999999998,1
17396,1,8,7330.8,0
17397,1,2,681.41,1
17398,1,3,653.38,1
17400,1,5,2097.84,0
17402,1,13,2633.85,0
17403,1,1,263.92,1
17404,1,15,31906.82,0
17405,1,3,1031.41,1
17406,1,3,2184.42,0
17408,1,1,32.65,1
17409,1,2,771.85,1
17410,1,5,1214.72,0
17411,1,3,778.94,1
17412,1,7,1258.06,0
17414,1,2,778.0,1
17415,1,1,507.84,1
17416,1,7,6893.42,0
17418,1,2,463.46000000000004,1
17419,1,12,4226.57,0
17420,1,3,598.83,1
17422,1,6,1979.37,0
17423,1,2,698.41,1
17425,1,2,759.17,1
17426,1,6,5037.26,0
17427,1,1,100.8,1
17428,1,28,17256.85,0
17429,1,3,524.9200000000001,1
17430,1,2,265.76,1
17431,1,1,403.3,1
17432,1,2,365.76,1
17433,1,1,303.15999999999997,1
17434,1,7,2373.82,0
17436,1,2,216.29999999999998,1
17438,1,1,388.45000000000005,1
17440,1,3,186.42000000000002,1
17442,1,6,2248.56,0
17443,1,1,534.24,1
17444,1,3,2940.04,0
17446,1,2,120.9,1
17447,1,2,541.53,1
17449,1,7,2519.21,0
17450,1,46,194390.79,0
17451,1,7,1721.4,0
17453,1,2,486.71999999999997,1
17454,1,4,517.53,1
17455,1,1,131.7,1
17456,1,1,249.86,1
17457,1,5,1737.7,0
17458,1,1,316.5,1
17459,1,2,657.3,1
17460,1,6,622.4300000000001,0
17461,1,3,735.82,1
17462,1,2,675.69,1
17463,1,5,1875.86,0
17464,1,1,289.96000000000004,1
17466,1,2,763.28,1
17468,1,2,137.0,1
17469,1,5,1870.97,0
17470,1,5,1125.07,0
17472,1,3,697.54,1
17475,1,1,194.37,1
17480,1,1,511.82,1
17481,1,4,1255.59,0
17483,1,3,414.04,1
17486,1,1,396.87,1
17489,1,2,376.64,1
17490,1,7,2092.32,0
17491,1,10,3558.87,0
17492,1,1,374.57,1
17495,1,2,497.56,1
17496,1,1,271.05,1
17498,1,1,272.22,1
17499,1,1,622.88,1
17500,1,3,1138.0,1
17501,1,2,288.6,1
17502,1,4,689.1,1
17503,1,2,558.96,1
17504,1,9,2997.0299999999997,0
17505,1,2,1145.84,1
17506,1,1,302.2,1
17507,1,2,605.58,1
17508,1,1,387.31,1
17509,1,8,6083.64,0
17510,1,1,308.48,1
17511,1,31,91062.38,0
17512,1,10,2924.9900000000002,0
17513,1,1,513.2,1
17514,1,1,208.65,1
17515,1,4,639.02,1
17516,1,5,764.88,0
17517,1,1,153.94,1
17519,1,6,1844.02,0
17520,1,1,546.81,1
17521,1,3,723.2099999999999,1
17522,1,5,1070.71,0
17523,1,4,652.74,1
17524,1,1,145.0,1
17525,1,1,422.70000000000005,1
17526,1,4,1195.8999999999999,0
17527,1,4,939.37,0
17528,1,8,3628.5,0
17530,1,10,2367.12,0
17531,1,1,296.7,1
17534,1,1,223.36,1
17535,1,1,164.4,1
17536,1,1,76.5,1
17537,1,2,887.67,1
17538,1,1,98.42,1
17540,1,2,578.9,1
17542,1,1,170.75,1
17545,1,3,642.32,1
17548,1,1,103.3,1
17549,1,2,148.86,1
17550,1,3,267.16,1
17551,1,1,290.34,1
17552,1,4,930.41,0
17553,1,1,1487.6,1
17554,1,5,1952.45,0
17555,1,2,480.31,1
17556,1,1,157.9,1
17557,1,3,541.46,1
17560,1,4,854.95,0
17561,1,1,165.12,1
17562,1,7,1122.38,0
17564,1,3,454.01,1
17566,1,2,869.77,1
17567,1,8,4331.48,0
17569,1,1,344.14,1
17571,1,4,1425.67,0
17572,1,4,226.75000000000003,1
17573,1,3,380.6,1
17574,1,1,185.65,1
17576,1,19,3564.83,0
17578,1,1,143.45999999999998,1
17579,1,3,448.90000000000003,1
17580,1,3,215.72,1
17581,1,25,11025.24,0
17582,1,1,175.27,1
17584,1,2,1242.3,1
17585,1,4,1116.68,0
17588,1,3,1240.2,0
17589,1,4,2404.17,0
17590,1,3,1468.02,0
17591,1,7,2203.67,0
17593,1,5,3923.86,0
17594,1,2,993.18,1
17595,1,2,386.69,1
17596,1,7,2806.69,0
17597,1,1,2044.3700000000001,1
17600,1,1,161.67000000000002,1
17601,1,1,116.00999999999999,1
17602,1,6,5054.42,0
17603,1,1,394.72,1
17604,1,2,309.36,1
17608,1,2,191.99,1
17609,1,5,1105.78,0
17611,1,15,3961.12,0
17612,1,6,2048.45,0
17613,1,14,4544.55,0
17614,1,1,386.32,1
17615,1,3,329.6,1
17616,1,3,571.1999999999999,1
17618,1,3,930.28,1
17619,1,1,214.37,1
17620,1,1,81.44,1
17621,1,3,1379.9,0
17623,1,1,527.0500000000001,1
17624,1,2,843.48,1
17625,1,4,2020.4,0
17628,1,1,75.75,1
17629,1,8,1814.12,0
17630,1,2,503.59999999999997,1
17631,1,3,528.33,1
17633,1,4,1324.84,0
17634,1,9,2358.59,0
17636,1,1,285.56,1
17637,1,2,547.0600000000001,1
17639,1,1,108.5,1
17640,1,1,621.66,1
17642,1,2,712.29,1
17643,1,1,101.55,1
17644,1,11,2895.64,0
17646,1,3,1008.39,1
17647,1,1,133.06,1
17648,1,4,1797.5,0
17649,1,1,868.49,1
17650,1,1,166.08,1
17651,1,10,3945.0,0
17652,1,12,4867.72,0
17653,1,4,1207.56,0
17654,1,1,117.55,1
17655,1,7,2638.94,0
17656,1,5,1674.69,0
17658,1,2,595.42,1
17659,1,12,2999.46,0
17660,1,1,178.75,1
17663,1,7,1802.91,0
17664,1,2,604.64,1
17666,1,2,728.16,1
17667,1,5,2055.51,0
17668,1,2,347.75,1
17669,1,7,3406.7200000000003,0
17670,1,1,205.7,1
17671,1,4,1572.71,0
17672,1,2,3178.17,0
17673,1,6,1594.97,0
17674,1,2,551.04,1
17675,1,31,20374.28,0
17676,1,6,1371.18,0
17677,1,30,16345.38,0
17678,1,1,298.11,1
17679,1,2,1992.1100000000001,1
17680,1,1,184.4,1
17682,1,6,2474.33,0
17684,1,1,239.41,1
17685,1,7,3155.83,0
17686,1,7,5739.46,0
17690,1,15,4726.8,0
17691,1,2,290.40000000000003,1
17692,1,4,740.9399999999999,1
17693,1,1,200.47,1
17694,1,1,283.12,1
17695,1,2,765.34,1
17696,1,8,2285.71,0
17697,1,1,338.95,1
17698,1,1,154.95,1
17700,1,4,2534.64,0
17701,1,1,417.95,1
17702,1,4,1824.37,0
17703,1,3,798.74,1
17704,1,2,885.19,1
17705,1,9,1823.52,0
17706,1,17,10504.49,0
17707,1,2,152.4,1
17708,1,2,263.33,1
17709,1,1,137.45,1
17711,1,2,385.1,1
17712,1,1,522.91,1
17714,1,1,153.0,1
17715,1,1,326.4,1
17716,1,11,5655.99,0
17718,1,1,139.35,1
17719,1,15,5396.04,0
17720,1,4,1195.94,0
17722,1,4,2424.04,0
17723,1,6,3276.4000000000005,0
17724,1,3,1033.0,1
17725,1,11,3439.08,0
17727,1,1,1060.25,1
17728,1,3,2876.01,0
17730,1,13,5298.4800000000005,0
17731,1,4,1240.11,0
17732,1,1,303.97,1
17733,1,2,692.19,1
17734,1,3,700.63,1
17735,1,19,13110.02,0
17736,1,3,377.44,1
17737,1,2,168.24,1
17738,1,4,1879.05,0
17739,1,7,2791.35,0
17742,1,2,355.11,1
17744,1,6,2322.4,0
17746,1,1,110.25,1
17747,1,1,71.4,1
17749,1,2,674.52,1
17750,1,9,1710.45,0
17752,1,1,80.64,1
17754,1,5,1664.65,0
17757,1,30,5593.39,0
17758,1,8,3408.2000000000003,0
17759,1,3,819.96,1
17760,1,2,287.59,1
17761,1,1,712.78,1
17763,1,1,15.0,1
17764,1,2,772.55,1
17765,1,3,367.63,1
17767,1,1,271.2,1
17768,1,3,2081.9,0
17769,1,10,3957.43,0
17770,1,5,1143.27,0
17771,1,2,245.81,1
17772,1,2,173.45,1
17774,1,4,1213.73,0
17775,1,1,56.4,1
17777,1,3,647.56,1
17779,1,3,650.32,1
17781,1,2,188.02,1
17783,1,2,283.47,1
17785,1,1,131.94,1
17786,1,2,266.85,1
17787,1,4,1817.54,0
17788,1,2,1117.9,1
17789,1,1,225.9,1
17790,1,14,1964.3,0
17791,1,1,106.1,1
17793,1,1,300.34,1
17795,1,2,342.83,1
17796,1,4,690.0,1
17797,1,3,780.43,1
17799,1,10,3039.17,0
17800,1,9,1187.21,0
17802,1,3,1285.04,0
17805,1,1,512.31,1
17806,1,1,546.04,1
17809,1,12,5411.91,0
17811,1,39,7761.82,0
17812,1,4,699.81,1
17813,1,5,1698.07,0
17816,1,4,36.56,1
17817,1,3,387.68,1
17819,1,7,3704.87,0
17824,1,1,298.4,1
17827,1,5,1987.33,0
17828,1,4,1820.09,0
17829,1,1,889.24,1
17830,1,3,398.7,1
17831,1,1,35.400000000000006,1
17832,1,1,155.37,1
17835,1,3,342.24,1
17836,1,1,110.21000000000001,1
17837,1,8,1541.23,0
17838,1,5,2720.8,0
17839,1,1,318.15,1
17841,1,124,40519.84,0
17843,1,1,205.48,1
17844,1,1,51.559999999999995,1
17846,1,1,2033.1,1
17848,1,9,901.1999999999999,0
17849,1,4,605.8000000000001,1
17850,1,34,5391.21,0
17852,1,2,114.34,1
17854,1,2,311.26,1
17855,1,1,208.97,1
17856,1,4,1418.03,0
17857,1,23,26879.04,0
17858,1,12,5140.66,0
17859,1,1,141.92000000000002,1
17860,1,1,226.45000000000002,1
17861,1,8,2097.88,0
17862,1,1,330.9,1
17863,1,6,3160.0,0
17864,1,3,554.85,1
17865,1,20,10526.32,0
17866,1,1,329.65,1
17867,1,6,1157.8700000000001,0
17869,1,5,428.18,1
17870,1,12,1865.89,0
17871,1,1,155.9,1
17873,1,5,1848.96,0
17874,1,6,683.46,0
17877,1,1,237.61,1
17878,1,1,379.45,1
17879,1,1,178.51999999999998,1
17880,1,1,458.92,1
17881,1,1,133.35000000000002,1
17883,1,4,664.34,1
17884,1,4,695.0699999999999,1
17885,1,1,156.34,1
17886,1,3,869.28,1
17887,1,1,111.35,1
17888,1,8,716.0,0
17889,1,2,201.37,1
17890,1,2,586.89,1
17891,1,1,203.85999999999999,1
17892,1,3,244.1,1
17893,1,1,107.21,1
17894,1,8,1118.96,0
17895,1,1,95.45,1
17896,1,1,256.32,1
17897,1,3,541.8100000000001,1
17898,1,2,152.06,1
17899,1,1,154.55,1
17900,1,2,112.19999999999999,1
17901,1,1,110.38,1
17904,1,1,181.07,1
17905,1,4,798.99,1
17906,1,1,72.9,1
17908,1,1,232.03,1
17911,1,1,366.23,1
17912,1,5,310.06,1
17913,1,2,408.65,1
17914,1,1,329.36,1
17917,1,3,335.03,1
17919,1,1,1304.04,1
17920,1,17,4119.5,0
17921,1,4,820.23,0
17923,1,1,207.50000000000003,1
17924,1,7,2962.5,0
17925,1,1,244.08,1
17926,1,2,397.29,1
17928,1,2,212.54,1
17929,1,4,843.0,0
17930,1,5,1740.48,0
17931,1,2,408.36,1
17932,1,3,1331.57,0
17934,1,2,704.25,1
17935,1,2,145.79,1
17936,1,1,380.13,1
17937,1,7,4301.22,0
17939,1,1,99.14,1
17940,1,10,4020.04,0
17941,1,1,304.56,1
17942,1,1,77.50000000000001,1
17946,1,2,149.57999999999998,1
17947,1,1,176.68,1
17948,1,1,358.56000000000006,1
17949,1,45,58510.48,0
17950,1,3,482.2,1
17951,1,3,1008.5400000000001,1
17954,1,12,2314.13,0
17955,1,4,557.3,1
17956,1,1,12.75,1
17957,1,1,111.68,1
17958,1,1,508.4599999999999,1
17960,1,1,73.78,1
17961,1,39,1296.44,0
17962,1,1,102.41,1
17964,1,2,463.21,1
17965,1,14,2599.19,0
17966,1,5,1098.43,0
17967,1,1,112.27,1
17968,1,1,265.1,1
17969,1,2,228.2,1
17970,1,1,562.79,1
17972,1,1,135.19,1
17973,1,1,337.04,1
17974,1,3,703.99,1
17975,1,13,4483.26,0
17976,1,1,321.79,1
17977,1,1,288.14,1
17978,1,1,300.91999999999996,1
17979,1,4,732.41,1
17980,1,3,811.45,1
17984,1,1,152.68,1
17985,1,1,631.35,1
17986,1,1,20.8,1
17987,1,1,198.57,1
17988,1,7,201.12,1
17990,1,3,630.84,1
17991,1,2,93.35,1
17994,1,4,674.89,1
17995,1,1,76.1,1
17997,1,8,1962.46,0
17999,1,2,380.39,1
18001,1,2,415.13,1
18004,1,1,157.92,1
18005,1,2,226.47,1
18006,1,1,444.68,1
18008,1,9,2116.19,0
18009,1,1,247.39,1
18010,1,1,174.8,1
18011,1,1,102.78999999999999,1
18013,1,2,187.29,1
18014,1,1,162.22,1
18015,1,1,120.03,1
18016,1,5,1477.66,0
18017,1,3,523.0,1
18018,1,2,122.14,1
18019,1,1,38.45,1
18022,1,1,612.72,1
18024,1,2,389.78,1
18027,1,1,115.31,1
18030,1,2,230.64999999999998,1
18032,1,1,73.5,1
18033,1,1,93.82000000000001,1
18034,1,2,418.68,1
18035,1,3,713.89,1
18036,1,3,403.12,1
18037,1,6,70.02,1
18040,1,2,357.20000000000005,1
18041,1,21,4097.37,0
18042,1,1,165.04999999999998,1
18043,1,3,529.29,1
18044,1,10,2088.6,0
18045,1,1,178.34,1
18048,1,2,172.29000000000002,1
18050,1,1,74.4,1
18053,1,1,300.02,1
18055,1,10,6761.34,0
18056,1,1,363.65,1
18058,1,1,170.16,1
18059,1,3,306.46,1
18061,1,10,2119.41,0
18062,1,3,720.52,1
18064,1,2,814.0,1
18065,1,14,2392.83,0
18066,1,1,318.0,1
18067,1,1,396.33,1
18068,1,1,101.69999999999999,1
18069,1,5,2009.24,0
18071,1,2,453.0,1
18072,1,1,247.44,1
18073,1,12,3859.82,0
18074,1,1,489.6,1
18075,1,10,2611.75,0
18077,1,11,2584.41,0
18078,1,2,336.13,1
18079,1,4,3613.15,0
18080,1,2,1231.5,1
18081,1,3,343.45,1
18082,1,1,680.84,1
18084,1,1,90.47999999999999,1
18085,1,2,689.95,1
18086,1,1,101.34,1
18087,1,2,4055.7199999999993,0
18088,1,1,166.03,1
18092,1,11,9068.26,0
18093,1,4,2106.52,0
18094,1,7,3017.3,0
18095,1,2,580.0500000000001,1
18096,1,3,849.06,1
18097,1,6,2662.4,0
18099,1,1,168.31,1
18101,1,2,222.4,1
18102,1,60,259657.3,0
18104,1,1,754.64,1
18105,1,1,113.48000000000002,1
18106,1,1,421.9,1
18108,1,1,271.0,1
18109,1,26,8004.92,0
18110,1,1,198.8,1
18112,1,2,352.69,1
18113,1,1,76.32000000000001,1
18114,1,1,220.1,1
18116,1,8,1403.1100000000001,0
18117,1,1,315.65,1
18118,1,26,5625.08,0
18119,1,1,180.7,1
18120,1,1,111.15,1
18121,1,2,653.3,1
18122,1,6,1793.06,0
18123,1,2,574.4399999999999,1
18125,1,4,1131.75,0
18126,1,1,200.92000000000002,1
18127,1,3,347.08,1
18129,1,1,112.55000000000001,1
18130,1,3,1059.39,1
18133,1,1,931.4999999999999,1
18135,1,5,681.9100000000001,0
18136,1,3,784.33,1
18138,1,1,152.65,1
18139,1,6,8438.34,0
18142,1,2,1019.52,1
18143,1,2,1000.16,1
18144,1,12,2888.75,0
18145,1,4,2861.55,0
18146,1,2,160.35000000000002,1
18147,1,2,179.33999999999997,1
18149,1,3,612.0799999999999,1
18150,1,3,566.58,1
18151,1,2,653.35,1
18154,1,2,399.19,1
18155,1,3,371.62,1
18156,1,2,675.64,1
18158,1,2,453.4,1
18159,1,1,530.15,1
18160,1,2,638.0600000000001,1
18161,1,5,1618.69,0
18164,1,1,399.65000000000003,1
18165,1,1,302.46000000000004,1
18167,1,3,1384.8600000000001,0
18168,1,6,1160.04,0
18169,1,1,202.65,1
18170,1,3,980.31,1
18171,1,5,1231.31,0
18172,1,20,7561.68,0
18173,1,4,2106.84,0
18174,1,1,104.0,1
18176,1,1,476.35,1
18177,1,6,1340.8700000000001,0
18178,1,4,1590.81,0
18179,1,6,1793.17,0
18180,1,6,1843.75,0
18181,1,1,366.85,1
18183,1,2,632.07,1
18184,1,1,49.8,1
18185,1,1,304.25,1
18188,1,3,2001.04,0
18189,1,2,1090.24,1
18190,1,2,284.46000000000004,1
18191,1,1,207.79999999999998,1
18192,1,1,957.97,1
18193,1,1,243.76,1
18194,1,1,973.8399999999999,1
18196,1,2,686.63,1
18198,1,17,5425.56,0
18200,1,1,150.35,1
18202,1,3,1396.99,0
18203,1,1,160.42000000000002,1
18204,1,3,1975.35,0
18205,1,2,517.36,1
18209,1,1,139.10000000000002,1
18210,1,6,2621.38,0
18211,1,5,600.07,0
18212,1,1,216.07,1
18213,1,1,232.48000000000002,1
18215,1,1,299.34000000000003,1
18216,1,1,481.75,1
18217,1,2,621.75,1
18218,1,2,641.92,1
18219,1,10,2069.77,0
18220,1,1,305.28000000000003,1
18221,1,5,1041.61,0
18222,1,1,443.0,1
18223,1,14,6484.54,0
18224,1,1,158.95000000000002,1
18225,1,12,5504.96,0
18226,1,11,5228.05,0
18227,1,1,93.75,1
18228,1,2,779.9,1
18229,1,20,7276.900000000001,0
18230,1,7,2810.2000000000003,0
18231,1,5,2071.77,0
18232,1,4,592.97,1
18233,1,1,440.0,1
18235,1,3,1796.48,0
18236,1,6,882.24,0
18237,1,5,987.1,0
18239,1,5,1561.6100000000001,0
18240,1,1,422.58,1
18241,1,17,2073.09,0
18242,1,4,2232.4900000000002,0
18245,1,7,2567.06,0
18246,1,2,596.1,1
18248,1,2,804.02,1
18249,1,1,95.34,1
18250,1,1,349.27,1
18251,1,1,4314.72,1
18252,1,2,518.27,1
18255,1,1,103.3,1
18257,1,8,2337.63,0
18259,1,3,2338.6000000000004,0
18260,1,6,2628.35,0
18261,1,2,324.24,1
18262,1,1,149.48,1
18263,1,3,1213.1599999999999,1
18265,1,2,801.51,1
18268,1,1,25.5,1
18269,1,1,168.6,1
18270,1,2,283.15,1
18272,1,6,3078.58,0
18273,1,3,204.0,1
18274,1,1,175.92,1
18276,1,1,335.86,1
18277,1,1,110.38,1
18278,1,1,173.9,1
18280,1,1,180.60000000000002,1
18281,1,1,80.82,1
18282,1,2,178.05,1
18283,1,16,2045.53,0
18287,1,3,1837.28,0
